id,actual_label,e1_wepr_probability,e1_wepr_prediction,e2_semantic_probability,e2_semantic_prediction,e3_hybrid_lr_probability,e3_hybrid_lr_prediction,e3_hybrid_rf_probability,e3_hybrid_rf_prediction
1,1,0.8199068684921013,1,0.8561328847535112,1,0.8773399182409908,1,0.8219613459370494,1
2,1,0.7997148427678177,1,0.8682685196688531,1,0.8894711572889479,1,0.7482332855393422,1
3,1,0.754065719452523,1,0.9143263083725401,1,0.9116975463161402,1,0.9214862397542442,1
4,1,0.8460842561396795,1,0.9405019267149722,1,0.945187376027146,1,0.8560256754824748,1
5,1,0.8321694009968815,1,0.9370042709731488,1,0.942503075540289,1,0.8610339874296216,1
6,1,0.7441033487283896,1,0.8621798915436599,1,0.8650848427705132,1,0.7671564616705835,1
7,0,0.570612114088159,1,0.7725327754387508,1,0.7556386218870931,1,0.6384498851124354,1
8,1,0.7761218070761549,1,0.9143263083725401,1,0.9149787233932805,1,0.9214862397542442,1
9,1,0.8099078109906106,1,0.9356690805318126,1,0.9365382059988164,1,0.859408712259515,1
10,0,0.354857306521575,0,0.626230533490677,1,0.5689795051392482,1,0.545301516647736,1
11,0,0.45805552517050085,0,0.3728123624796163,0,0.3403315508226345,0,0.22427394716990393,0
12,1,0.8037928524395083,1,0.9143263083725401,1,0.919262741897978,1,0.915622925943876,1
13,1,0.8260241987610286,1,0.7725327754387508,1,0.7973665975027572,1,0.7823447191109757,1
14,0,0.36518907681888607,0,0.32814808229395803,0,0.2768765272054446,0,0.15273660604626033,0
15,1,0.7941436576713697,1,0.8811241957423698,1,0.8951003397649357,1,0.8385879999865719,1
16,0,0.28566210106547396,0,0.6847311306156726,1,0.6234936955028987,1,0.47674170405100624,0
17,1,0.8460718107798152,1,0.9370042709731488,1,0.9448381447967429,1,0.8452699877267024,1
18,0,0.5763423849964171,1,0.32814808229395803,0,0.33862889532333607,0,0.2106401348621066,0
19,1,0.8188323930105464,1,0.30492729107678157,0,0.36210649057385963,0,0.19368952872519446,0
20,1,0.5841195787373027,1,0.3728123624796163,0,0.3904881942219603,0,0.24834220623367628,0
21,1,0.774348197474734,1,0.8561328847535112,1,0.8686299277906443,1,0.8379012542208021,1
22,0,0.5511237043722438,1,0.36374292043088474,0,0.3642967879764276,0,0.2591437496693773,0
23,1,0.7310829352679113,1,0.9087740072070324,1,0.9092260882192803,1,0.856196122328496,1
24,0,0.4490970992340795,0,0.8811241957423698,1,0.8346724540472561,1,0.6753793665314767,1
25,0,0.43420926510916796,0,0.6393909614459271,1,0.5872137955815787,1,0.48358177155331494,0
26,0,0.49683839614123715,0,0.3478268051547345,0,0.33474527354386785,0,0.21558293290913788,0
27,1,0.30964087295399834,0,0.3728123624796163,0,0.28252115366776587,0,0.20000739044379828,0
28,1,0.6882614379324197,1,0.8768289258052456,1,0.860626573015843,1,0.8256322794814261,1
29,1,0.805795206728886,1,0.8942996802844095,1,0.9020854095147942,1,0.8656874634829809,1
30,0,0.5789616622304611,1,0.8077269564496317,1,0.7753028633469468,1,0.6581021499333838,1
31,1,0.80400099145589,1,0.8942996802844095,1,0.9017206073560087,1,0.8656874634829809,1
32,1,0.22763229667302484,0,0.811474980171497,1,0.6782616686125632,1,0.5423211735689194,1
33,1,0.8432529405685623,1,0.9341123963999705,1,0.9415894455892968,1,0.8687199803275945,1
34,0,0.6434445100577099,1,0.36374292043088474,0,0.397049482484819,0,0.33664915041616766,0
35,0,0.8173270710289039,1,0.32814808229395803,0,0.4335370891956797,0,0.27707645474876164,0
36,1,0.770697883860592,1,0.6633609796563267,1,0.7173107533145676,1,0.7176287468050059,1
37,0,0.8054846194988797,1,0.3478268051547345,0,0.4284179696443576,0,0.3372091609918793,0
38,0,0.4030485444904291,0,0.32814808229395803,0,0.28783097765770566,0,0.1569540506910169,0
39,1,0.7565956263230803,1,0.9230078750528338,1,0.922308418954996,1,0.8832468952375848,1
40,1,0.7921106419018742,1,0.9591373170757369,1,0.957951069738056,1,0.9224696202191935,1
41,1,0.7732688010308648,1,0.7639491839325507,1,0.7928427631655146,1,0.7125727993806718,1
42,1,0.8293487027464442,1,0.9405019267149722,1,0.9428379107525489,1,0.835879232208943,1
43,1,0.5847550853934713,1,0.5871812225569503,1,0.5694761711131598,1,0.41715240669129144,0
44,1,0.8500271063179357,1,0.9143263083725401,1,0.9270330428793866,1,0.9143512802960058,1
45,1,0.46143202139197326,0,0.9620992558063418,1,0.9357241626202883,1,0.7497361052453435,1
46,1,0.8239889211190722,1,0.5871812225569503,1,0.6882462179632058,1,0.6837383415721188,1
47,1,0.8031388715850154,1,0.759243645719199,1,0.8052757704833673,1,0.6647041188389095,1
48,1,0.8161683704814852,1,0.8942996802844095,1,0.9042218108547903,1,0.8527157371981466,1
49,0,0.5353798461800534,1,0.3728123624796163,0,0.37059488342468705,0,0.25405461244771854,0
50,1,0.7059911808682656,1,0.7911937991712424,1,0.8027580392832383,1,0.7245441265433168,1
51,1,0.748374867380611,1,0.9620992558063418,1,0.9568241136941595,1,0.9238061336091313,1
52,1,0.5418522298653811,1,0.8806416545396207,1,0.8488118200378135,1,0.5979577727249863,1
53,1,0.8108020921933481,1,0.7725327754387508,1,0.7942147596438159,1,0.7966075486690046,1
54,1,0.8294944668955199,1,0.9405019267149722,1,0.9428579459045638,1,0.835879232208943,1
55,1,0.6251847170268129,1,0.7853658745946934,1,0.7688391145755998,1,0.6424504087200418,1
56,1,0.7898366960465067,1,0.8806416545396207,1,0.8856121137499341,1,0.8659778884799505,1
57,1,0.8299776469737196,1,0.9230078750528338,1,0.9282131288262292,1,0.866896273356486,1
58,1,0.8188053429674407,1,0.8077269564496317,1,0.8412911587576413,1,0.7441819739733809,1
59,1,0.8089109463702816,1,0.9230078750528338,1,0.9263948759410205,1,0.877406082286722,1
60,1,0.4741918019444127,0,0.40688077018321894,0,0.38365565484370195,0,0.2761813880615622,0
61,1,0.7532715978039833,1,0.8077269564496317,1,0.8214717308814082,1,0.7677101001335622,1
62,1,0.6207593185059406,1,0.30492729107678157,0,0.31897950529036195,0,0.2569013481426603,0
63,0,0.4954435050201391,0,0.3728123624796163,0,0.3548286376551661,0,0.24670612462377975,0
64,1,0.8019275636489298,1,0.8499867103063237,1,0.875457534488251,1,0.7725404324021469,1
65,1,0.34937713168701934,0,0.5871812225569503,1,0.46720426355762146,0,0.3521232569166966,0
66,0,0.41880672543391445,0,0.36374292043088474,0,0.32102334610030514,0,0.14073844084755102,0
67,1,0.35074326942168843,0,0.8797583658956936,1,0.8093013832226873,1,0.618234525163249,1
68,0,0.35777121882241525,0,0.36374292043088474,0,0.30112295332444733,0,0.14490922488674224,0
69,1,0.6368092263015536,1,0.6439576126352088,1,0.6682037268135993,1,0.5600637321065391,1
70,1,0.7640867414734864,1,0.7639491839325507,1,0.7892026759900609,1,0.7125727993806718,1
71,0,0.5303848472711877,1,0.6393909614459271,1,0.6129816755763904,1,0.4534739920366841,0
72,0,0.8109674712336823,1,0.721347846775497,1,0.7884246287561295,1,0.6851391805359353,1
73,0,0.3698161522672738,0,0.3478268051547345,0,0.3033398078173974,0,0.25538102852533023,0
74,0,0.8360160766191446,1,0.9081123478319781,1,0.9272335232358498,1,0.8146466927845557,1
75,1,0.61533545959822,1,0.7983458374815059,1,0.7931430280570899,1,0.6471016881765934,1
76,1,0.7962403746642178,1,0.3478268051547345,0,0.42447650847548607,0,0.1870888256250657,0
77,0,0.39289652695387906,0,0.32814808229395803,0,0.28490719602379583,0,0.1569540506910169,0
78,1,0.7783900918780197,1,0.8499867103063237,1,0.8687007538633152,1,0.7726168974005632,1
79,1,0.5823498952943738,1,0.6265069471984857,1,0.5993749874604776,1,0.47152392370098695,0
80,0,0.3994467180598255,0,0.3478268051547345,0,0.3107462778906481,0,0.16541415176219856,0
81,0,0.5090864201098,1,0.32814808229395803,0,0.3184176301358806,0,0.210976542062492,0
82,0,0.6873346794481402,1,0.36374292043088474,0,0.41421768116630747,0,0.28225083963744496,0
83,0,0.2875719896510631,0,0.3728123624796163,0,0.2735004318442705,0,0.2255491353456457,0
84,1,0.5416337810028918,1,0.8427460587343802,1,0.824641042441766,1,0.6325530159454271,1
85,1,0.844680941041195,1,0.9230078750528338,1,0.9295633949418227,1,0.8606334324077624,1
86,1,0.5632945028495646,1,0.7983458374815059,1,0.7801078207035932,1,0.5662649006152187,1
87,0,0.8011278175993835,1,0.8875063108073714,1,0.8975916453573322,1,0.8540116670773196,1
88,1,0.8149036109576064,1,0.811474980171497,1,0.8400677085644815,1,0.7117024405231609,1
89,0,0.6356428194647039,1,0.8077269564496317,1,0.7899106668744319,1,0.6992986081258433,1
90,1,0.7781973896007195,1,0.5871812225569503,1,0.6612688734254335,1,0.6597998677791095,1
91,0,0.7260155377008284,1,0.3478268051547345,0,0.3983359567535498,0,0.2012471391996853,0
92,0,0.5006755266664183,1,0.3478268051547345,0,0.33569604615826526,0,0.21558293290913788,0
93,1,0.4481188648988626,0,0.6270549120869614,1,0.5669316746072467,1,0.43804004691481274,0
94,0,0.7935343270966722,1,0.32814808229395803,0,0.42098096030810955,0,0.2254576450678561,0
95,0,0.3965515244454907,0,0.30492729107678157,0,0.2826827374969096,0,0.1536028006913734,0
96,1,0.7461842268749497,1,0.8942996802844095,1,0.8905401241450075,1,0.8739832667739198,1
97,0,0.5785032900881071,1,0.6633609796563267,1,0.6474717952500669,1,0.5287228977111008,1
98,1,0.6527994975956828,1,0.32814808229395803,0,0.36351166050321126,0,0.2852537631682947,0
99,1,0.5076579357310504,1,0.30492729107678157,0,0.30028697265757387,0,0.22564817137044269,0
100,0,0.8025895847994023,1,0.8875063108073714,1,0.8978264878913065,1,0.8540116670773196,1
101,1,0.8195854366320988,1,0.7227633810620554,1,0.7906897756683977,1,0.72364823253987,1
102,1,0.822974689466064,1,0.9356690805318126,1,0.9379640269989633,1,0.8629031378742349,1
103,1,0.7420355404829316,1,0.8942996802844095,1,0.8897712823552114,1,0.8739832667739198,1
104,1,0.7330038993050102,1,0.6633609796563267,1,0.7022718984051858,1,0.7201891863654454,1
105,0,0.5045458276264401,1,0.5871812225569503,1,0.5353168886185338,1,0.37192133113117376,0
106,0,0.5490311050017491,1,0.30492729107678157,0,0.30693438862288563,0,0.20850849606325586,0
107,0,0.4350158253436627,0,0.6633609796563267,1,0.598528225687607,1,0.47417795923079953,0
108,0,0.7187244318525227,1,0.30492729107678157,0,0.33756309442026156,0,0.21009960723879864,0
109,1,0.7304530874263933,1,0.3478268051547345,0,0.3998306756200063,0,0.19207830500163423,0
110,1,0.43117617698457544,0,0.3728123624796163,0,0.3299871887808875,0,0.22173202329817923,0
111,1,0.7984105845429668,1,0.7639491839325507,1,0.8031191790318057,1,0.7097458100323009,1
112,1,0.33786327282820217,0,0.3728123624796163,0,0.29380002557877954,0,0.18783180197065463,0
113,1,0.7419100585237369,1,0.9415222928480962,1,0.9404283538570589,1,0.8712943326619126,1
114,1,0.8270237894726349,1,0.9620992558063418,1,0.9629815511371446,1,0.9061679228959533,1
115,1,0.840445077921799,1,0.9230078750528338,1,0.9291666346673043,1,0.8606334324077624,1
116,1,0.7020367098072474,1,0.7227633810620554,1,0.7406117879822943,1,0.734790564276151,1
117,0,0.4660850100158618,0,0.36374292043088474,0,0.3362940127814715,0,0.20867313777681226,0
118,1,0.8210753739163869,1,0.9143263083725401,1,0.9220611121577816,1,0.9050244996293014,1
119,0,0.5810376754101911,1,0.36374292043088474,0,0.3745375878557343,0,0.2568748709508419,0
120,1,0.2985130135869976,0,0.30492729107678157,0,0.2663082099376554,0,0.1842113634679408,0
121,0,0.7842702114768284,1,0.30492729107678157,0,0.352643060310453,0,0.1848625924627961,0
122,1,0.6728568136777877,1,0.6270549120869614,1,0.6417904550622536,1,0.6354614260287973,1
123,1,0.8255996032916549,1,0.4892661748098966,0,0.5977256086869621,1,0.4986646727845734,0
124,1,0.8136401890411238,1,0.8427460587343802,1,0.857596066653908,1,0.7984466982604761,1
125,1,0.7776094325045059,1,0.6895598416987562,1,0.7367389042916836,1,0.6204220633605868,1
126,1,0.7692936423674008,1,0.8561328847535112,1,0.8677168455626025,1,0.8373393855339334,1
127,0,0.4869782963415557,0,0.9230078750528338,1,0.9046183681572263,1,0.7448544433429573,1
128,1,0.7643370272577156,1,0.811474980171497,1,0.8257146334729472,1,0.7249257484742112,1
129,1,0.7666683247693216,1,0.9143263083725401,1,0.91355990599927,1,0.9214862397542442,1
130,1,0.8307744647112104,1,0.9356690805318126,1,0.9388395953265788,1,0.8595621624188725,1
131,0,0.48729246770591056,0,0.32814808229395803,0,0.31206306038401255,0,0.20305668321093942,0
132,1,0.7651157304287911,1,0.9405019267149722,1,0.9345402629724237,1,0.8563134284513828,1
133,0,0.7977005542967122,1,0.6633609796563267,1,0.7288516855084877,1,0.7089214386628173,1
134,0,0.7901132857309623,1,0.3728123624796163,0,0.49378021699272245,0,0.2472900968156215,0
135,0,0.7814500916731869,1,0.6393909614459271,1,0.6857250095918728,1,0.7060638598421505,1
136,1,0.6168628969341997,1,0.3478268051547345,0,0.3656554632150988,0,0.26765250019842024,0
137,0,0.44705425126334886,0,0.3478268051547345,0,0.3224848987665725,0,0.17989354947161934,0
138,1,0.506706704531436,1,0.36374292043088474,0,0.34952251885847097,0,0.25571117677339145,0
139,1,0.6448795286526507,1,0.6270549120869614,1,0.6320679710297036,1,0.5866535722591603,1
140,1,0.8424480001702707,1,0.9405019267149722,1,0.9446679719056008,1,0.8560256754824748,1
141,1,0.800007653582115,1,0.6633609796563267,1,0.7298744828763509,1,0.7089214386628173,1
142,1,0.8429962777772906,1,0.9230078750528338,1,0.9294048031988813,1,0.8606334324077624,1
143,1,0.6070362211947226,1,0.811474980171497,1,0.7866953926480669,1,0.6161493435532265,1
144,0,0.3876938815003597,0,0.32814808229395803,0,0.2834056523130379,0,0.1569540506910169,0
145,0,0.5884971480110127,1,0.3478268051547345,0,0.3580496094577866,0,0.22509799559705626,0
146,1,0.42845183348964316,0,0.36374292043088474,0,0.32413861555817225,0,0.14073844084755102,0
147,1,0.5370992690892067,1,0.3478268051547345,0,0.3448038466696146,0,0.22488213668593418,0
148,1,0.798483650991155,1,0.8806416545396207,1,0.8870933849515722,1,0.8659778884799505,1
149,1,0.8460076480116081,1,0.9065446321187743,1,0.9242600726072637,1,0.7811352852751423,1
150,0,0.3582079090638204,0,0.3728123624796163,0,0.30179594789096853,0,0.18678784592669861,0
151,1,0.77861672984734,1,0.8621798915436599,1,0.8742739655030476,1,0.7652437580364984,1
152,1,0.6763712393920209,1,0.3478268051547345,0,0.3826345212628029,0,0.2414248712735674,0
153,1,0.7252104031889869,1,0.8077269564496317,1,0.8136307028342997,1,0.7677101001335622,1
154,0,0.8302865533769977,1,0.8077269564496317,1,0.8450790585196769,1,0.741738792155199,1
155,1,0.843312684119702,1,0.32814808229395803,0,0.44891426588388034,0,0.27743941371131486,0
156,0,0.8340029131416539,1,0.9591373170757369,1,0.9600097516156283,1,0.9140900637639366,1
157,1,0.26505264209170704,0,0.30492729107678157,0,0.2602336658975693,0,0.1790117719410466,0
158,0,0.581876273064607,1,0.3478268051547345,0,0.3563088120244456,0,0.22130872241409885,0
159,0,0.3631075152078257,0,0.30492729107678157,0,0.27726328535453415,0,0.15013660273162702,0
160,1,0.8295388318019082,1,0.865334382149125,1,0.8838642894316769,1,0.8372523220663984,1
161,0,0.7392723159395371,1,0.32814808229395803,0,0.3961705537726524,0,0.24266739882270863,0
162,0,0.7251676489729869,1,0.32814808229395803,0,0.39037428951220027,0,0.2422946038411456,0
163,0,0.29412849523031614,0,0.36374292043088474,0,0.27954000394913264,0,0.22074551123027764,0
164,1,0.41910927657851743,0,0.3478268051547345,0,0.3156095692439604,0,0.16103816208548363,0
165,0,0.7009298809745782,1,0.3478268051547345,0,0.39018614317428324,0,0.2012471391996853,0
166,1,0.798574400077598,1,0.7834788162828165,1,0.8162464602118512,1,0.7246147050657321,1
167,1,0.437317866824385,0,0.5871812225569503,1,0.5065685440077061,1,0.35324946741361146,0
168,1,0.6218893731207741,1,0.8499867103063237,1,0.8272128573232734,1,0.6724753024059262,1
169,1,0.5394672668221703,1,0.32814808229395803,0,0.3274121336472956,0,0.20226230524430022,0
170,0,0.597270034462237,1,0.6393909614459271,1,0.6307849469210017,1,0.5996953410723376,1
171,1,0.7957724016998242,1,0.8077269564496317,1,0.8340192667824037,1,0.7594142968426234,1
172,0,0.3868801437016706,0,0.3728123624796163,0,0.31293364703438564,0,0.19224474629362884,0
173,1,0.7117314774350705,1,0.3478268051547345,0,0.39363605554550474,0,0.2012471391996853,0
174,0,0.6096627395190636,1,0.30492729107678157,0,0.3170552765310905,0,0.2541146508949539,0
175,1,0.4756227115591397,0,0.3478268051547345,0,0.3295080602242548,0,0.21564941341804938,0
176,0,0.7759101556503981,1,0.3478268051547345,0,0.41628335851010306,0,0.18680570596694604,0
177,0,0.43030257975609737,0,0.36374292043088474,0,0.32473609559240985,0,0.14073844084755102,0
178,1,0.8062704823073197,1,0.8379987507345498,1,0.8729763186393739,1,0.7753005444947983,1
179,1,0.812599887168345,1,0.9620992558063418,1,0.9617876715518706,1,0.9170574163077435,1
180,1,0.8148462380945339,1,0.9370042709731488,1,0.9396843690915736,1,0.8560174555597182,1
181,0,0.39776475860531607,0,0.30492729107678157,0,0.2828772498470081,0,0.14976973270948649,0
182,1,0.6869613438372086,1,0.7639491839325507,1,0.7602674192847524,1,0.688771049651757,1
183,0,0.49781986375730614,0,0.32814808229395803,0,0.3151242203112168,0,0.20198290650569856,0
184,0,0.32244959174374604,0,0.3478268051547345,0,0.2911743223971037,0,0.2819145475118077,0
185,1,0.5931207732259389,1,0.7408085161393148,1,0.7118538430871498,1,0.6167329119698628,1
186,0,0.29253057950072464,0,0.6270549120869614,1,0.5103710895787387,1,0.44263582449886063,0
187,1,0.6690081763912012,1,0.7635788237949044,1,0.7709882137293045,1,0.6920643844214115,1
188,1,0.8438955307688001,1,0.8557388322356867,1,0.8897840525907116,1,0.6779972502694962,1
189,1,0.5351300427513767,1,0.3728123624796163,0,0.3704950128136213,0,0.25405461244771854,0
190,1,0.812891803828525,1,0.36374292043088474,0,0.47484273538438887,0,0.2539180673353247,0
191,1,0.44639977085183163,0,0.3728123624796163,0,0.3358416449157771,0,0.22599445278788147,0
192,0,0.46043240751265657,0,0.32814808229395803,0,0.3043060931418914,0,0.18424320817678333,0
193,0,0.4752792176988895,0,0.3478268051547345,0,0.32942348257024295,0,0.22189645069449837,0
194,1,0.47179084492360096,0,0.8077269564496317,1,0.7470216116457437,1,0.5275167451985889,1
195,0,0.4038989781804523,0,0.36374292043088474,0,0.31619945357827883,0,0.13968033467825403,0
196,1,0.776291118176365,1,0.7853658745946934,1,0.8030393003655414,1,0.7206788600461189,1
197,0,0.6635031393541411,1,0.30492729107678157,0,0.3266821533454219,0,0.26552320138544455,0
198,1,0.6480152578674048,1,0.3728123624796163,0,0.41827200955391175,0,0.29472421242339275,0
199,0,0.49009762686190844,0,0.8427460587343802,1,0.8189164059011691,1,0.6465259256022271,1
200,1,0.8096565546574892,1,0.8768289258052456,1,0.8909150017866275,1,0.8590589187854253,1
201,1,0.8139558240623526,1,0.9115613645731444,1,0.9218918090856737,1,0.8257906928543739,1
202,1,0.8341981369357006,1,0.9370042709731488,1,0.9428394256849635,1,0.8723687117826197,1
203,1,0.8301439132480738,1,0.9405019267149722,1,0.9429472970807451,1,0.835879232208943,1
204,1,0.8163820835929152,1,0.8077269564496317,1,0.8405066247787597,1,0.7441819739733809,1
205,1,0.4295143970548727,0,0.32814808229395803,0,0.29542955853652936,0,0.1804847252365528,0
206,0,0.5437476385865447,1,0.3478268051547345,0,0.3464867926440377,0,0.22488213668593418,0
207,1,0.8268337437948896,1,0.9370042709731488,1,0.94162504464491,1,0.8560174555597182,1
208,1,0.8368932335611484,1,0.8427460587343802,1,0.8612872402740728,1,0.7608631508563178,1
209,1,0.5729181534328336,1,0.9143263083725401,1,0.886495699248811,1,0.7582285779158521,1
210,1,0.416835684920066,0,0.721347846775497,1,0.6344427882477905,1,0.4890154104920169,0
211,1,0.8282752720386186,1,0.6847311306156726,1,0.7262484368116146,1,0.6840094522416058,1
212,0,0.4259429271111528,0,0.30492729107678157,0,0.28736617083410343,0,0.16605798865377833,0
213,1,0.7310625613810816,1,0.5871812225569503,1,0.6364873621492806,1,0.6573771115514191,1
214,1,0.7651511711767153,1,0.9230078750528338,1,0.9229437934320041,1,0.8832468952375848,1
215,0,0.6680520639718647,1,0.3478268051547345,0,0.3801583349724172,0,0.2520493531101252,0
216,0,0.7972873341957523,1,0.30492729107678157,0,0.3560507543694494,0,0.18392299514735985,0
217,1,0.5160476955687545,1,0.6393909614459271,1,0.6091846640468223,1,0.4546040940775004,0
218,1,0.7619647112896569,1,0.9087740072070324,1,0.9117457682139702,1,0.856196122328496,1
219,1,0.7709779170594431,1,0.9230078750528338,1,0.9233829235063851,1,0.8832468952375848,1
220,1,0.4913261645349276,0,0.6270549120869614,1,0.5812600835942661,1,0.42520918000947433,0
221,1,0.7891352170428632,1,0.3478268051547345,0,0.421542943994022,0,0.18569459485583495,0
222,1,0.8245036510435851,1,0.9620992558063418,1,0.9627701492872447,1,0.9073443934841886,1
223,1,0.7908345857789002,1,0.8561328847535112,1,0.8716742468928594,1,0.83677380324041,1
224,1,0.8481184705343486,1,0.9290995706180101,1,0.9331733821745201,1,0.7668435870527085,1
225,1,0.8237035691767032,1,0.9288147320367324,1,0.9364411729453498,1,0.8614456818129114,1
226,0,0.7018502412508059,1,0.8942996802844095,1,0.8824737524581396,1,0.8739832667739198,1
227,1,0.6987877692668366,1,0.6633609796563267,1,0.6894121598543872,1,0.7201891863654454,1
228,0,0.5364846335098259,1,0.3728123624796163,0,0.37103679232975334,0,0.25405461244771854,0
229,1,0.42528622582478737,0,0.32814808229395803,0,0.29421679685014424,0,0.1804847252365528,0
230,0,0.5592322799557041,1,0.40688077018321894,0,0.3990437583320485,0,0.2754535264912962,0
231,1,0.815731771087026,1,0.9356690805318126,1,0.9371677284868047,1,0.8584827863335889,1
232,1,0.5317008602604825,1,0.3478268051547345,0,0.34344264111503364,0,0.22488213668593418,0
233,1,0.43125596209556694,0,0.5871812225569503,1,0.5039386264139747,1,0.35324946741361146,0
234,1,0.815366725508665,1,0.960081380702716,1,0.9617981130543908,1,0.9237588886057021,1
235,0,0.7831186349261479,1,0.5871812225569503,1,0.6640084686101885,1,0.6597998677791095,1
236,1,0.3655744005601918,0,0.721347846775497,1,0.6128832650387245,1,0.4977221216005383,0
237,1,0.3241761463036168,0,0.30492729107678157,0,0.2707596993860404,0,0.17000867577810014,0
238,1,0.4765685920794425,0,0.30492729107678157,0,0.29536219590052976,0,0.19483924441677553,0
239,0,0.4659926545284611,0,0.3728123624796163,0,0.3433950725296463,0,0.23284237625144916,0
240,0,0.45006540673474354,0,0.3478268051547345,0,0.3232246775950788,0,0.1809218069284482,0
241,1,0.7848471473433246,1,0.30492729107678157,0,0.3527905500770217,0,0.1848625924627961,0
242,1,0.6717559400154728,1,0.3478268051547345,0,0.38125605384619154,0,0.24226549427335406,0
243,1,0.5107133001656415,1,0.516475902801176,1,0.49467618866538954,0,0.4081157683556068,0
244,0,0.524574217007397,1,0.3478268051547345,0,0.3416523993317229,0,0.22488213668593418,0
245,1,0.825635545412002,1,0.6393909614459271,1,0.702301446746535,1,0.6863006541522693,1
246,1,0.46921887428694087,0,0.32814808229395803,0,0.3068367051624653,0,0.1935501470153462,0
247,0,0.6878264006167291,1,0.3728123624796163,0,0.4370189529345708,0,0.24977501124141047,0
248,0,0.4882907683139415,0,0.4892661748098966,0,0.4546263974087871,0,0.4093805012072391,0
249,0,0.479702557839595,0,0.3478268051547345,0,0.33051306152910515,0,0.21361352232894049,0
250,1,0.8397974444207319,1,0.6633609796563267,1,0.748675650350926,1,0.7164798314254134,1
251,1,0.6964474733412889,1,0.5871812225569503,1,0.6195978935136636,1,0.6462846369000359,1
252,1,0.7680632272772853,1,0.6393909614459271,1,0.6811104808268829,1,0.7083795606461136,1
253,1,0.6619953669106824,1,0.32814808229395803,0,0.3667073191803551,0,0.27182912583519053,0
254,0,0.851086579895952,1,0.9065446321187743,1,0.9251889560711793,1,0.7811352852751423,1
255,1,0.7292211361546856,1,0.3728123624796163,0,0.4581745765069941,0,0.24536440561985148,0
256,1,0.8289197477953412,1,0.30492729107678157,0,0.36515179692164035,0,0.19686413189979768,0
257,0,0.4174512336433051,0,0.36374292043088474,0,0.32058525650439396,0,0.13968033467825403,0
258,1,0.7661621489765207,1,0.8427460587343802,1,0.8508309173025348,1,0.8153710014760983,1
259,1,0.613256515063859,1,0.8499867103063237,1,0.824973716483118,1,0.6724753024059262,1
260,1,0.8225620361506135,1,0.7639491839325507,1,0.8135166088867193,1,0.6886825772089948,1
261,0,0.8457189867921441,1,0.8077269564496317,1,0.8503777041861266,1,0.7534931528121867,1
262,0,0.505271245589214,1,0.36374292043088474,0,0.34905148414203574,0,0.25571117677339145,0
263,1,0.4256018321702115,0,0.4892661748098966,0,0.43209981807616077,0,0.37387243950153976,0
264,1,0.7326233194609124,1,0.5871812225569503,1,0.6372715976207497,1,0.6573771115514191,1
265,1,0.7127627893598844,1,0.8342343203993572,1,0.840986195327483,1,0.7637625919302806,1
266,1,0.8429706792385003,1,0.9370042709731488,1,0.9443109119312827,1,0.8452699877267024,1
267,1,0.3594568780193227,0,0.8806416545396207,1,0.8202554771714948,1,0.6439649645409793,1
268,1,0.5132163966904898,1,0.3478268051547345,0,0.3388134557118089,0,0.21558293290913788,0
269,0,0.555302806188331,1,0.8797583658956936,1,0.8516826290977392,1,0.7044003502216816,1
270,1,0.6849112887965215,1,0.8806416545396207,1,0.8692670641154534,1,0.8460280368840067,1
271,1,0.8467796916692476,1,0.9620992558063418,1,0.9646864302063493,1,0.9154947035626576,1
272,0,0.8303624472434209,1,0.3728123624796163,0,0.5217576975214457,1,0.3842618253754127,0
273,1,0.20912390965039088,0,0.32814808229395803,0,0.22750515875150962,0,0.21854536398665714,0
274,0,0.5425450217897544,1,0.32814808229395803,0,0.3283343442601902,0,0.2013309326952806,0
275,0,0.8282875231798966,1,0.3478268051547345,0,0.43883563997711145,0,0.33981150017316586,0
276,1,0.770026412629986,1,0.6847311306156726,1,0.7123021157655404,1,0.6941927681744994,1
277,0,0.8357586056976545,1,0.8427460587343802,1,0.8610997071022809,1,0.7608631508563178,1
278,1,0.8164052314858411,1,0.8259286282336245,1,0.8676946125049165,1,0.7334577768925442,1
279,0,0.8517742691238198,1,0.32814808229395803,0,0.4543912484557375,0,0.27743941371131486,0
280,0,0.41267741316715545,0,0.8348232932210778,1,0.8020106484992903,1,0.7259838080617194,1
281,1,0.49023975655259144,0,0.6407827840645127,1,0.6149011724418878,1,0.45869656962741123,0
282,1,0.8096197408928602,1,0.9370042709731488,1,0.9388507905433582,1,0.8625085420144128,1
283,1,0.8521923838941279,1,0.9620992558063418,1,0.9651701705188016,1,0.9154947035626576,1
284,1,0.7353750369814102,1,0.8561328847535112,1,0.861792457460232,1,0.8452501159920928,1
285,1,0.7694095769886925,1,0.8797583658956936,1,0.8911515749995795,1,0.8400740008348505,1
286,0,0.4158045301033757,0,0.811474980171497,1,0.7395228143500396,1,0.5346780619635437,1
287,0,0.8068331596297145,1,0.32814808229395803,0,0.4278431365851072,0,0.23875790168739625,0
288,1,0.8334687256391311,1,0.7983458374815059,1,0.8526585491326053,1,0.7077484475024973,1
289,1,0.8474860840053132,1,0.9405019267149722,1,0.9453890433842174,1,0.8560256754824748,1
290,1,0.784267637787578,1,0.8561328847535112,1,0.8704488301402308,1,0.83677380324041,1
291,0,0.6931745952445892,1,0.8427460587343802,1,0.8416786731958962,1,0.8130293281993858,1
292,0,0.8039920278349614,1,0.36374292043088474,0,0.46967311673296724,0,0.2502478575020547,0
293,0,0.8442336157749256,1,0.7983458374815059,1,0.856233675972599,1,0.717379564265646,1
294,1,0.3842012753255278,0,0.6393909614459271,1,0.5731962727821269,1,0.4889870364761855,0
295,1,0.5014090141428825,1,0.32814808229395803,0,0.3161713070542425,0,0.20585559867839073,0
296,0,0.58323526554981,1,0.30492729107678157,0,0.31257164510351476,0,0.20850849606325586,0
297,1,0.776550777407284,1,0.8806416545396207,1,0.8833897176516747,1,0.8671053394603426,1
298,0,0.7975767034139549,1,0.36374292043088474,0,0.46605969682740866,0,0.2502478575020547,0
299,1,0.5374250319753431,1,0.32814808229395803,0,0.32680143910202447,0,0.20170936406782963,0
300,0,0.25083519564298656,0,0.3728123624796163,0,0.2579498257852296,0,0.25521943604129704,0
301,0,0.31481281382248766,0,0.3728123624796163,0,0.2846074788839584,0,0.20076826000901565,0
302,0,0.348586272046772,0,0.3728123624796163,0,0.2980261415277518,0,0.18678784592669861,0
303,1,0.7914520461414768,1,0.9405019267149722,1,0.9378331588910241,1,0.8488509584937772,1
304,1,0.30089281818831426,0,0.3728123624796163,0,0.2789694544907581,0,0.20277764556363478,0
305,1,0.6005006962401472,1,0.8811241957423698,1,0.8612486250548198,1,0.7568099571652227,1
306,1,0.8101704051611159,1,0.9356690805318126,1,0.9365663937270028,1,0.859408712259515,1
307,1,0.37745912954482647,0,0.32814808229395803,0,0.280443941713857,0,0.1557325090268523,0
308,1,0.6877968534900304,1,0.8942996802844095,1,0.8799700165452793,1,0.865545091254583,1
309,1,0.8366218249696111,1,0.9370042709731488,1,0.9432431440404201,1,0.8723687117826197,1
310,1,0.8458428856084994,1,0.9620992558063418,1,0.9646034940065393,1,0.9154947035626576,1
311,0,0.823936088799568,1,0.9591373170757369,1,0.9594905091041465,1,0.9205189434078114,1
312,0,0.37140617399483533,0,0.3728123624796163,0,0.3069383135589375,0,0.18678784592669861,0
313,1,0.8321766337421721,1,0.8806416545396207,1,0.8931887460999755,1,0.8574509674702909,1
314,1,0.3457682322512391,0,0.8077269564496317,1,0.7095956538142797,1,0.547541607865072,1
315,1,0.8479286373608598,1,0.9230078750528338,1,0.9298721869345175,1,0.8272086889345758,1
316,1,0.7427691077784879,1,0.8806416545396207,1,0.8779791063680721,1,0.8744542012316334,1
317,0,0.5189351096533987,1,0.3478268051547345,0,0.3402408318291469,0,0.2220318615238943,0
318,1,0.8485982405014679,1,0.9143263083725401,1,0.9267776450046383,1,0.9143512802960058,1
319,1,0.7473289846083722,1,0.9405019267149722,1,0.9323769330937048,1,0.8563134284513828,1
320,1,0.8095766557548651,1,0.8427460587343802,1,0.8569806581891515,1,0.8000823571752048,1
321,1,0.6369857271328488,1,0.30492729107678157,0,0.32184506684466935,0,0.2569013481426603,0
322,1,0.5631333003257398,1,0.30492729107678157,0,0.30923936860563966,0,0.20850849606325586,0
323,0,0.49745789212002256,0,0.3478268051547345,0,0.3348986863889443,0,0.21558293290913788,0
324,0,0.2131574449374773,0,0.32814808229395803,0,0.22894536576872174,0,0.21854536398665714,0
325,0,0.5317553563525612,1,0.36374292043088474,0,0.3578015532844317,0,0.25956870090241774,0
326,1,0.8092427059193275,1,0.9370042709731488,1,0.9387909293636956,1,0.8638059153727619,1
327,1,0.8235559477549728,1,0.7635788237949044,1,0.8094652551090621,1,0.6602192482040367,1
328,1,0.6180672685666746,1,0.30492729107678157,0,0.318510182801033,0,0.2569013481426603,0
329,1,0.6484539508447662,1,0.6270549120869614,1,0.6332954608418627,1,0.6206923271637812,1
330,0,0.8066591724297014,1,0.3728123624796163,0,0.5047421090732046,1,0.33354122847646517,0
331,1,0.7518227391153214,1,0.5871812225569503,1,0.6471064985678372,1,0.6617125714131947,1
332,1,0.7172168766810608,1,0.8806416545396207,1,0.874063389123677,1,0.8744542012316334,1
333,0,0.4648108499574553,0,0.6393909614459271,1,0.5955232641430166,1,0.4787064578630864,0
334,1,0.7249478036866521,1,0.8499867103063237,1,0.8540932292999186,1,0.7729673299723773,1
335,0,0.8003086119495432,1,0.36374292043088474,0,0.4675873581417366,0,0.2502478575020547,0
336,1,0.4966866697472477,0,0.6633609796563267,1,0.619845872910632,1,0.4632997070908751,0
337,1,0.598390231334766,1,0.32814808229395803,0,0.34554265359894254,0,0.28758056418959704,0
338,1,0.8000936484967835,1,0.8797583658956936,1,0.8973575506259643,1,0.8317781975439117,1
339,0,0.468358941439838,0,0.32814808229395803,0,0.30658878491915426,0,0.1935501470153462,0
340,0,0.8403656398801316,1,0.9620992558063418,1,0.9641230017066527,1,0.9154947035626576,1
341,1,0.5780724669992854,1,0.8806416545396207,1,0.8539834159688158,1,0.6203007596363992,1
342,0,0.3406195173336029,0,0.32814808229395803,0,0.2696605531015119,0,0.15273660604626033,0
343,0,0.5363907801894124,1,0.3728123624796163,0,0.37099923760372233,0,0.25405461244771854,0
344,0,0.5960271897823026,1,0.30492729107678157,0,0.31472574374205914,0,0.2444004631403066,0
345,0,0.6790111756856182,1,0.521169441337463,1,0.55161177809598,1,0.5165224661402086,1
346,1,0.24841427406993222,0,0.36374292043088474,0,0.26301609183996655,0,0.2225681713287998,0
347,1,0.5800505391609604,1,0.7911937991712424,1,0.7715186381537985,1,0.5438969138715097,1
348,1,0.7162143928892972,1,0.6847311306156726,1,0.701214165608174,1,0.6941927681744994,1
349,1,0.8037340899490617,1,0.8077269564496317,1,0.8364882884822371,1,0.7594142968426234,1
350,1,0.5450233238327308,1,0.30492729107678157,0,0.3062835752846356,0,0.2145804705871625,0
351,0,0.41751766901573184,0,0.3478268051547345,0,0.31521696846091873,0,0.16103816208548363,0
352,1,0.6839533318378143,1,0.811474980171497,1,0.8051731602361594,1,0.6842934747933515,1
353,0,0.5246349400080599,1,0.30492729107678157,0,0.30299748963947276,0,0.22620449670876108,0
354,0,0.3940959534972445,0,0.32814808229395803,0,0.28525303256127105,0,0.1569540506910169,0
355,1,0.37984067416634215,0,0.8342343203993572,1,0.8023094690079869,1,0.6888179782990919,1
356,0,0.46602400236347025,0,0.8342343203993572,1,0.8127245942587585,1,0.6819547790249066,1
357,1,0.8105779782935116,1,0.8077269564496317,1,0.8386471818378926,1,0.7568472706178132,1
358,1,0.42695830655150363,0,0.517540950159361,1,0.47178625126692764,0,0.438362146563511,0
359,0,0.48780329961443947,0,0.6633609796563267,1,0.616818771650209,1,0.4613319651553912,0
360,1,0.8480792046916715,1,0.6270549120869614,1,0.7150961053790408,1,0.6625770806426814,1
361,1,0.7575037900866171,1,0.8942996802844095,1,0.8926565177333511,1,0.8739832667739198,1
362,0,0.41649404733261824,0,0.3728123624796163,0,0.3243435778524887,0,0.18537647334797658,0
363,0,0.5838249641592118,1,0.5214156948473051,1,0.5260261429519195,1,0.3831930128104433,0
364,0,0.7844362122669776,1,0.960081380702716,1,0.9593231087694258,1,0.9314300286769615,1
365,0,0.4393253192367308,0,0.32814808229395803,0,0.2982436565289649,0,0.1886812439658861,0
366,1,0.6848034655133003,1,0.8768289258052456,1,0.8598027237859708,1,0.8256322794814261,1
367,1,0.7949542468613311,1,0.9341123963999705,1,0.9347378321129737,1,0.8615452633388969,1
368,1,0.8186292481014575,1,0.8811241957423698,1,0.8999744659613559,1,0.8218528183253941,1
369,0,0.6194644479246473,1,0.30492729107678157,0,0.3187535564260265,0,0.2569013481426603,0
370,1,0.650616939827961,1,0.8806416545396207,1,0.8643027326808436,1,0.7990101666319046,1
371,0,0.5699547951326017,1,0.32814808229395803,0,0.33665740127718247,0,0.20930084914782085,0
372,1,0.3980376051218996,0,0.517540950159361,1,0.46615964841359697,0,0.43279365390746416,0
373,1,0.8135993992349793,1,0.9230078750528338,1,0.9267890740768178,1,0.877406082286722,1
374,0,0.4157564455369017,0,0.3728123624796163,0,0.3240599689513564,0,0.18537647334797658,0
375,1,0.7399288513443677,1,0.6393909614459271,1,0.6718758844407188,1,0.714250977450915,1
376,0,0.806046311189574,1,0.3728123624796163,0,0.5043237593648907,1,0.33354122847646517,0
377,1,0.841478694636153,1,0.9341123963999705,1,0.9413236718392122,1,0.8687199803275945,1
378,1,0.3214177813562555,0,0.32814808229395803,0,0.26393253925880394,0,0.16399447502518727,0
379,1,0.4891352978959398,0,0.3478268051547345,0,0.3328402424681739,0,0.21093170414712234,0
380,1,0.7485704267863674,1,0.9230078750528338,1,0.9217218539046935,1,0.8832468952375848,1
381,0,0.5444886324919737,1,0.8342343203993572,1,0.8216172520085506,1,0.6653051016913394,1
382,0,0.5333929200708117,1,0.6847311306156726,1,0.6688949097897567,1,0.45785965502532255,0
383,1,0.7382162763944964,1,0.8259286282336245,1,0.8437661898994062,1,0.74874830458003,1
384,0,0.800471998498487,1,0.3728123624796163,0,0.5005636408736805,1,0.2686567445881262,0
385,1,0.8507154672316944,1,0.9230078750528338,1,0.9301404810719015,1,0.8260118209256272,1
386,0,0.36160682221580315,0,0.3478268051547345,0,0.3012648906599476,0,0.2582381713824731,0
387,1,0.7577406163132457,1,0.9405019267149722,1,0.933638164408209,1,0.8563134284513828,1
388,0,0.4079088227886279,0,0.3478268051547345,0,0.31284308120824855,0,0.16913384873189552,0
389,1,0.7915905272968525,1,0.8621798915436599,1,0.8778348820825117,1,0.7651672930380822,1
390,1,0.8440397570008149,1,0.9493578933066044,1,0.9514920382263785,1,0.8886756463741237,1
391,0,0.31415773256176266,0,0.30492729107678157,0,0.26904013149832845,0,0.18182839433321665,0
392,0,0.6413483155003912,1,0.32814808229395803,0,0.35960339469293706,0,0.2852537631682947,0
393,1,0.8313879614679752,1,0.8797583658956936,1,0.9040874377616652,1,0.8099198068727307,1
394,0,0.5689536873531453,1,0.6270549120869614,1,0.6066818231507473,1,0.4443577625690169,0
395,1,0.7289499217108563,1,0.9405019267149722,1,0.9301803017717472,1,0.8563134284513828,1
396,0,0.40219868911297413,0,0.30492729107678157,0,0.2835871164344591,0,0.14976973270948649,0
397,1,0.8417787736827236,1,0.8942996802844095,1,0.9097291070382001,1,0.8705705138050118,1
398,0,0.3802671160209875,0,0.36374292043088474,0,0.3085127204239709,0,0.14490922488674224,0
399,1,0.7449479408294514,1,0.7853658745946934,1,0.795352342171,1,0.7285895905042784,1
400,1,0.3906770823039901,0,0.36374292043088474,0,0.3119064072894715,0,0.14490922488674224,0
401,0,0.4314407734605468,0,0.3728123624796163,0,0.33008889385283924,0,0.22173202329817923,0
402,1,0.8400318346602125,1,0.9591373170757369,1,0.9603296653975767,1,0.9139220900662515,1
403,0,0.5238759250711865,1,0.4892661748098966,0,0.4673969988248199,0,0.4211815089036445,0
404,1,0.8309305717377573,1,0.9288147320367324,1,0.9377131192925586,1,0.8645376871763071,1
405,0,0.5550075746069285,1,0.3728123624796163,0,0.37850257157841777,0,0.23809277054103942,0
406,1,0.6939026616266684,1,0.9230078750528338,1,0.9179177969902284,1,0.8698639173172122,1
407,1,0.7823665759052499,1,0.9230078750528338,1,0.924257620329607,1,0.8708941483725887,1
408,0,0.8427998848077505,1,0.3728123624796163,0,0.5314316184976504,1,0.3817618253754127,0
409,1,0.8364695305257431,1,0.9143263083725401,1,0.924654327952457,1,0.9092873589921608,1
410,1,0.8470727563432533,1,0.8925257404106175,1,0.8996674081276879,1,0.7861029475047269,1
411,1,0.5099269560818248,1,0.32814808229395803,0,0.318664134821938,0,0.210976542062492,0
412,1,0.6749901838460128,1,0.32814808229395803,0,0.3713175904767494,0,0.27182551833158297,0
413,1,0.5838278972552674,1,0.9065446321187743,1,0.8850123736626561,1,0.6217117681657681,1
414,0,0.454270295529969,0,0.32814808229395803,0,0.30253423974713944,0,0.18424320817678333,0
415,1,0.7887021043238033,1,0.6847311306156726,1,0.7164980523821951,1,0.672712892166282,1
416,1,0.7929726404311811,1,0.8811241957423698,1,0.8948735129355944,1,0.839870320042477,1
417,1,0.649437072894358,1,0.30492729107678157,0,0.3240906034669589,0,0.2572488680446811,0
418,1,0.8280779146959446,1,0.960081380702716,1,0.9628604532371818,1,0.9149682885520185,1
419,1,0.758452677025008,1,0.7853658745946934,1,0.7986071468464704,1,0.7285895905042784,1
420,1,0.8125051581264697,1,0.9341123963999705,1,0.9371461478687977,1,0.8606723160614552,1
421,1,0.4068645003079473,0,0.759243645719199,1,0.6937282877036647,1,0.5253470546924478,1
422,0,0.38133709591822706,0,0.3728123624796163,0,0.31078956313772405,0,0.1962814272053097,0
423,1,0.578391516936044,1,0.7853658745946934,1,0.7590432754469546,1,0.5098972617251474,1
424,0,0.31792353078729185,0,0.36374292043088474,0,0.287758678911188,0,0.23776483302864587,0
425,1,0.8396365909882609,1,0.30492729107678157,0,0.36856032973071456,0,0.19686413189979768,0
426,0,0.6460440908443363,1,0.8933924450343591,1,0.8836671568848359,1,0.7789907773578874,1
427,1,0.7541523935113241,1,0.8621798915436599,1,0.8677240355774442,1,0.7671564616705835,1
428,1,0.6221151404965904,1,0.6633609796563267,1,0.6623066942684169,1,0.6414436106828117,1
429,1,0.843369824281706,1,0.9405019267149722,1,0.9447991481674517,1,0.8560256754824748,1
430,1,0.7621010137770571,1,0.9341123963999705,1,0.9304090790423762,1,0.8690077332965026,1
431,1,0.8024731094878534,1,0.8768289258052456,1,0.8889959669930813,1,0.8603562921437744,1
432,0,0.5680543044626538,1,0.30492729107678157,0,0.31004969686968903,0,0.20850849606325586,0
433,0,0.44626282726020444,0,0.3728123624796163,0,0.3357889422124476,0,0.22599445278788147,0
434,1,0.8466446170108376,1,0.9143263083725401,1,0.9264303226009125,1,0.9143512802960058,1
435,1,0.709375997932423,1,0.9405019267149722,1,0.9278736393180196,1,0.8563134284513828,1
436,0,0.6900506806189585,1,0.3478268051547345,0,0.3867936573690829,0,0.2012471391996853,0
437,1,0.4617524619681284,0,0.40688077018321894,0,0.3814219892406475,0,0.2761813880615622,0
438,1,0.8054779663634462,1,0.8768289258052456,1,0.8897957121947533,1,0.8603562921437744,1
439,1,0.8229627849720168,1,0.7983458374815059,1,0.8492781737743405,1,0.7048997717590847,1
440,0,0.3137095296870733,0,0.36374292043088474,0,0.2863183380550536,0,0.24512178665209391,0
441,1,0.5223152737246725,1,0.9493578933066044,1,0.9354518101264935,1,0.7476124569590682,1
442,1,0.7918972253466711,1,0.9143263083725401,1,0.9173947159418318,1,0.9178804299094853,1
443,1,0.6327619551786655,1,0.8756124025239832,1,0.8563915094044167,1,0.6969839460827739,1
444,1,0.40851167128475174,0,0.5871812225569503,1,0.4939835131612454,0,0.3497117490622113,0
445,1,0.8274211088757011,1,0.9591373170757369,1,0.9596682579831727,1,0.9205189434078114,1
446,1,0.7242419326934403,1,0.9356690805318126,1,0.9280602642632708,1,0.8733727916832628,1
447,0,0.4221655856865161,0,0.3728123624796163,0,0.3265238766266367,0,0.18686939131988708,0
448,1,0.5969642785855966,1,0.30492729107678157,0,0.31488468969943045,0,0.2452723118798024,0
449,1,0.6470854645864961,1,0.8806416545396207,1,0.8637966303485924,1,0.7990101666319046,1
450,1,0.6918561532678038,1,0.9230078750528338,1,0.9177805510832858,1,0.8698639173172122,1
451,1,0.8160723956825658,1,0.9143263083725401,1,0.9212397405578353,1,0.9138150996829849,1
452,1,0.8431651588416418,1,0.8756124025239832,1,0.8999150997908936,1,0.7534678080410567,1
453,1,0.46860809594268815,0,0.6633609796563267,1,0.6102354523057635,1,0.47057066652350676,0
454,0,0.47337049632402867,0,0.3728123624796163,0,0.34624844550223655,0,0.23180737226741605,0
455,1,0.7082954964069287,1,0.8806416545396207,1,0.8727239406084802,1,0.8711734525685318,1
456,0,0.393619571964053,0,0.32814808229395803,0,0.2851156892451094,0,0.1569540506910169,0
457,1,0.8164085874398618,1,0.8806416545396207,1,0.8902654375471566,1,0.8606215081349242,1
458,1,0.8408013856190409,1,0.9230078750528338,1,0.9291997557646254,1,0.8606334324077624,1
459,1,0.6784752855491788,1,0.7834788162828165,1,0.7884860535528709,1,0.7226839710076871,1
460,1,0.8212759587591221,1,0.8561328847535112,1,0.8776178309023482,1,0.8239062827915064,1
461,0,0.29330456140463684,0,0.30492729107678157,0,0.2653847545094482,0,0.17942530577563304,0
462,1,0.25983285821507,0,0.7983458374815059,1,0.6892568222429064,1,0.5218220991544678,1
463,1,0.7166555677653649,1,0.7983458374815059,1,0.8189589267056498,1,0.7219078829520291,1
464,0,0.8108333682618464,1,0.8427460587343802,1,0.8571701330699633,1,0.8000823571752048,1
465,1,0.8490093449728179,1,0.9143263083725401,1,0.9268510067719015,1,0.9143512802960058,1
466,1,0.7363043719832912,1,0.811474980171497,1,0.8183177993000688,1,0.7249257484742112,1
467,1,0.45452302372761627,0,0.36374292043088474,0,0.3325553328699176,0,0.21287648927942754,0
468,1,0.8269957257583859,1,0.9356690805318126,1,0.9384129664965515,1,0.8629031378742349,1
469,1,0.5574476771706002,1,0.8342343203993572,1,0.8230656879807331,1,0.6653051016913394,1
470,1,0.4887779203497051,0,0.6393909614459271,1,0.6019405668928656,1,0.4670632572552325,0
471,0,0.7048882264543856,1,0.36374292043088474,0,0.42150353051654793,0,0.27279123314779985,0
472,1,0.8513625993650611,1,0.9591373170757369,1,0.9609512596510681,1,0.8793004785841163,1
473,1,0.8039629461716167,1,0.9620992558063418,1,0.9610899197878388,1,0.917942819798763,1
474,1,0.801631864819313,1,0.8561328847535112,1,0.8737296622029709,1,0.8338128350789314,1
475,0,0.6415145744938616,1,0.9143263083725401,1,0.8959239765767183,1,0.8326974803389605,1
476,0,0.7668937793770861,1,0.30492729107678157,0,0.3483400338080962,0,0.1848625924627961,0
477,1,0.8313762100580581,1,0.9377225334250413,1,0.9429104866817097,1,0.8649469031821296,1
478,1,0.7655308390983334,1,0.9356690805318126,1,0.9319962706590167,1,0.8701967069401529,1
479,1,0.8171015018267516,1,0.8768289258052456,1,0.8929311106061828,1,0.8525678323307306,1
480,0,0.7824881921544824,1,0.9143263083725401,1,0.9159459984785436,1,0.9214862397542442,1
481,1,0.6585364126233118,1,0.5871812225569503,1,0.6019975080836522,1,0.6354181344202882,1
482,0,0.8262843420077565,1,0.9087740072070324,1,0.9175938852521175,1,0.8321928143076376,1
483,0,0.4913278799635171,0,0.3478268051547345,0,0.33338202138100526,0,0.21570024270383997,0
484,1,0.8186776527936476,1,0.9143263083725401,1,0.9216662452058288,1,0.90621579683784,1
485,0,0.7914433648742298,1,0.7983458374815059,1,0.8396634724284802,1,0.710640135249401,1
486,0,0.3932531446877367,0,0.32814808229395803,0,0.2850100337159042,0,0.1569540506910169,0
487,1,0.4578185741130397,0,0.5871812225569503,1,0.5154038851754982,1,0.36138908729665237,0
488,1,0.5601826524921752,1,0.9087740072070324,1,0.8966660928509731,1,0.6770187053821395,1
489,1,0.6618629807764573,1,0.8942996802844095,1,0.8753897327511123,1,0.8628817095139267,1
490,1,0.5098652184140862,1,0.3478268051547345,0,0.33797879291112937,0,0.21558293290913788,0
491,0,0.35126770077841224,0,0.6633609796563267,1,0.5676537778469111,1,0.4804879429987991,0
492,1,0.8013974864878665,1,0.8499867103063237,1,0.875302461407373,1,0.7725404324021469,1
493,1,0.3089479753032828,0,0.721347846775497,1,0.5869166166054882,1,0.5012528233549243,1
494,0,0.4943491037787025,0,0.8342343203993572,1,0.8159724651023719,1,0.679278011348139,1
495,0,0.30244754693959297,0,0.3478268051547345,0,0.2858602636286684,0,0.29153052301173327,0
496,0,0.36485219872332003,0,0.5214156948473051,1,0.43130960414141395,0,0.344869148977333,0
497,1,0.6086188921845098,1,0.30492729107678157,0,0.31687562875263353,0,0.2541146508949539,0
498,0,0.764896196558564,1,0.3728123624796163,0,0.47824148462854404,0,0.2480814637220963,0
499,0,0.5381940716906138,1,0.3728123624796163,0,0.3717212678574251,0,0.25405461244771854,0
500,1,0.7682246467561292,1,0.8499867103063237,1,0.8658543818272226,1,0.7740296010346484,1
