id,question,reference_answer
1,Which theory states that 'people tend to rise to their own level of incompetence'?,PETER PRINCIPLE
2,Which writer was the father of Christopher Robin?,A A MILNE
3,The Dance Class and Absinthe are famous works by which painter?,EDGAR DEGAS
4,Which American actor also performs with the band Dogstar?,Keanu Reeves
5,In which city was the British version of Concorde assembled,Bristol
6,What is taphophobia the fear of?,Graves
7,"Which bruising 19th century American, the last of the bare knuckle boxing heavyweight champions, was the first athlete to earn over one million dollars?",John L. Sullivan
8,"Who was the merchant sea-captain who made the first American circumnavigation of the world in 1790, and is known for trading voyages to the northern Pacific coast of North America between 1790 and 1793, which pioneered the fur trade in that region?",Robert Gray
9,"Situated in Piccadilly, what is the name of London’s oldest bookshop?",Hatchards
10,What childhood stories feature a young boy named Mowgli?,The Jungle Book
11,What potent greenhouse gas is produced by the digestive systems of cattle?,Methane
12,"""Which bandleader was known as """"The sentimental gentleman of swing"""" because of his smooth trombone style?""",Tommy Dorsey
13,Which male Russian won the 100/200 metre double at the 1972 Olympics?,VALERIY BORZOV
14,Sir Ronald Ross was the first British winner of the Nobel Prize for Medicine in 1902 for his research in combating which disease?,Malaria
15,Which painter married Hortense Fiquet and used her as the subject of many of his paintings?,PAUL CEZANNE
16,"On this day in 1993, in a UN backed referendum, Eritreans voted overwhelmingly in favour of independence from which country ?",ETHIOPIA
17,Which angel in Charlie's Angels was played by Jaclyn Smith,Kelly Garrett
18,"Which country has borders with the Central African Republic, Sudan, Zambia, Angola, the Republic of the Congo, Uganda, Rwanda and Burundi (with Tanzania across Lake Tanganyika)?",Democratic Republic of the Congo
19,"Which battle of 23 June, 1757, was a major victory for the British East India Company's troops over the Nawab of Bengal and his French allies?",The Battle of Plassey
20,"In woodworking joints, what do you insert into your mortise?",Tenon
21,"""What type of car was """"KITT"""" from the """"Knightrider"""" series?""",Pontiac Trans-Am
22,In which year did Queen Elizabeth the Queen Mother die?,2002
23,Name the two tiles with the highest score in Scrabble?,Q and Z
24,What was Orson Welles’ first film?,CITIZEN KANE
25,"""According to the opening line of T.S. Eliot's poem 'The Wasteland', which is """"the cruellest month""""?""",APRIL
26,What are Ponte Vecchio and Pont Neuf?,Bridges
27,Which year was renowned as ‘The Year of Revolutions’?,1848
28,Who played the mad legless Captain Rum in the second series of Blackadder?,Tom Baker
29,"Which musical, for long entrenched at the Palace theatre in London, is currently running at the Queens theatre ?",LES MISERABLES
30,"""What insect acts as the transmitting agent in the spread of the infectious disease """"Bubonic Plague""""?""",FLEA
31,Who was born Vera Margaret Welsh on 20th March 1917?,Vera Lynne
32,"Castor (or castoreum) is an oily substance secreted by which animal, and historically used in medicine and perfume?",Beaver
33,Who did Jai McDowall beat in this years final of Britain's Got Talent?,Ronan Parke
34,The staging of what enormous annual Afro-Caribbean cultural gathering was put in doubt following the London riots of August 2011?,Notting Hill Carnival
35,Kronos (or Cronus) was the Greek equivalent of which Roman god?,Saturn
36,What was the capital of West Germany?,Bonn
37,In which year did the liner Queen Mary gain the blue riband on her maiden voyage?,1936
38,'Simon Tappertit' appears in which novel by Charles Dickens?,'BARNABY RUDGE'
39,"Which film starring Bill Murray includes the line Roses are red, violets are blue, I'm a schizophrenic and so am I?",What About Bob
40,What beer was advertised with the slogan Reach for Greatness,Bass
41,"House, Hogline, Hacks and Button are all terms used in which sport?",Curling
42,What is the name of the policeman in The Noddy stories,P.C. Plod
43,"""Who is """"able to leap tall buildings in a single bound""""?""",Superman
44,"Name the popular writer, who died in 2010, and who rode the Queen Mother's horse Devon Loch when it inexplicably belly-flopped out of contention in the 1956 Grand National?",Dick Francis
45,During which year did the UK television series ‘Emmerdale Farm’ change its title to ‘Emmerdale’?,1989
46,What atmospheric layer is damaged by chlorofluorocarbons?,Ozone Layer
47,In which country did Idi Amin settle and die after his exile from Uganda?,Saudi Arabia
48,Which ancient relic was stolen by Scottish Activists from Westminster Abbey and returned to Scotland on Christmas day in 1950?,Stone of Scone
49,The cha-cha-cha is a dance developed from the mambo in 1950 in which country?,CUBA
50,Where in the body is the stapes bone?,EAR
51,For which minor sport do the USA and Europe compete annually for the Mosconi Cup?,POOL
52,Nicky Morgan is the current Secretary of State of which Government Department?,Education
53,What is the art of decorating materials with marks resulting from the controlled application of a heated object?,Pyrography
54,In which event did Amy Williams win a gold medal for Britain at the 2010 Winter Olympics?,Women’s skeleton
55,What colour is the flesh of a lychee?,White
56,"Which US singer has had albums called 'Daydream', 'Butterfly', 'Rainbow' and 'Glitter'?",Mariah Carey
57,Who was Jessica Rabbit's husband?,Roger Rabbit
58,Which composer's music forms the basis of the ballet Pineapple Poll?,SULLIVAN
59,"Which singer appears as bar-owner 'JD' in the film 'Lock, Stock and two Smoking Barrels'?",Sting
60,"In the final Harry Potter novel, who becomes headmaster of Hogwarts School?",Severus Snape
61,Who wrote the play 'Private Lives'?,Noel Coward
62,In which North African country was Yves St. Laurent born as Henri Donat Mathieu?,Algeria
63,"In the George Orwell novel Animal Farm, what sort of animal was Napoleon ?",PIG
64,Who wrote the books ‘The Good Companions’ and ‘An Inspector Calls’?,J.B. Priestly
65,"Which nickname was given to the American WWII general, George Patton?",BLOOD and GUTS
66,What language did the Pennsylvania Dutch speak?,German
67,Which Indian tribe did Sitting Bull belong to?,Sioux
68,"On this day, 8th November, which famous poet who was blind in his later years, died in his home in London in 1647?",JOHN MILTON
69,"The wood from which common tree was traditionally used to make tennis racquets, snooker cues and hockey sticks",Ash
70,Who was the son of King John and Isabella of Angoulme who became King of England when 9 years old?,Henry III
71,"Which country was proclaimed a republic in 1867, following the withdrawal of the French administration and the execution of Emperor Ferdinand Maximilian?",Mexico
72,Which Grand Slam tournament uses the distinctive serving pose of the Swedish player Stefan Edberg on its logo?,Australian Open
73,Who acceded the English throne after the death of Edward III?,RICHARD II
74,"What Latin term is used to mean 'word for word', or 'exactly the same words'?",Verbatim
75,The green jersey is worn by the Tour de France's?,Best sprinter
76,How many apostles are there in the painting ‘The Last Supper’ by Leonardo da Vinci?,12
77,In which country did the Contras battle the Sandinistas throughout most of the 1980s?,Nicaragua
78,"""Who starred as AC Slater in """"Saved by the Bell""""?""",Mario Lopez
79,"In May 2009, Millvina Dean died aged 97. She was the last survivor of which historic event?",The sinking of the Titanic
80,What country do Legos come from originally?,Denmark
81,Which was the 50th and last state to become part of the USA?,Hawaii
82,"Who wrote the music for 'Billy Elliot, The Musical'?",ELTON JOHN
83,"Seals, sea lions and walrus belong to which suborder of manunals?",PINNIPEDIA
84,"Held just outside Bridgeville, DE, Friday marks the start of the world championship in the art of throwing what for distance, using classes such as Air, Centrifugal, Catapult, Trebuchet, and Human Powered?",Pumpkins
85,How are comedians Paul & Barry Elliot better known?,THE CHUCKLE BROTHERS
86,Which Greek goddess is the muse of erotic poetry?,Erato
87,What was the name of the dog in Enid Blighton's Famous Five books?,Timmy.
88,What dangerous type of horse race involves jumping over various fences and ditches?,Steeplechase
89,A pride is a group of what type of animal?,Lion
90,The Cantonese/Chinese dish 'foo yong' (also 'fu young') is similar to?,Omelette
91,"Prudhoe Bay Oil Field, the largest in North America, is in which US state?",ALASKA
92,"What is a large semi-aquatic rodent native to Canada, much of the United States, and parts of northern Mexico that constructs homes out of sticks, twigs, and mud in lakes or streams?",Beaver
93,The Biba boutiques were at the heart of swinging London and at one time had the highest turnover of any British retail company. Who founded and ran Biba?,Barbara Hulanicki
94,Mjosa (more precisely Mjøsa) is the largest lake of which country?,Norway
95,Which US President was known as 'The Rail-Splitter' and 'The Great Emancipator'?,ABRAHAM LINCOLN
96,Which London museum occupies part of the old Bethlehem Royal Hospital?,IMPERIAL WAR MUSEUM
97,What is the flavour of the liqueur Amaretto?,Almond
98,How often is the Oberammergau Passion Play performed?,EVERY TEN YEARS
99,Whose cottage is on the left of the Constable painting The Hay Wain?,WILLY LOTT
100,‘Wot a lot I got’ was the advertising slogan for which confectionery items?,Smarties
101,What is a cricket umpire signalling when he holds out one arm horizontally?,No Ball
102,"What is a mixture of saturated aliphatic and alicyclic C7 to C12 hydrocarbons with a maximum content of 25% of C7 to C12 alkyl aromatic hydrocarbons, which is used as an extraction, cleaning and degreasing solvent, and as a solvent in aerosols, paints, wood preservatives, lacquers, varnishes, and asphalt products?",White spirit
103,Who won the World Darts Championship 4 times in the 1980s?,Eric Bristow
104,"Which river rises on the Tibetan Plateau, flows northwest and then south and southwest to enter the Arabian Gulf in the Seven Rivers area south of Karachi?",INDUS
105,In which city is the HQ of Volkswagen cars?,Wolfsburg
106,"""Which American pop singer/songwriter who won the first season of the television series American Idol in 2002 won two Grammy Awards in 2006 - for her album """"Breakaway"""" and the single """"Since U Been Gone""""?""",Kelly Clarkson
107,"The wreck of which warship, one of the largest in the English navy of King Henry VIII in the first half of the 16th century, was rediscovered in 1971 and salvaged in October 1982?",Mary Rose
108,What seven-letter word means “A Russian tea urn”?,samovar
109,What are the first names of David and Victoria Beckham’s daughter?,Harper Seven
110,"Which Roman writer, best known for his Natural History (Naturalis Historic), died during the eruption of Vesuvius in 79AD?",Pliny
111,"Gary Numan, Cliff Richard and Crystal Gayle were all born with which surname?",Webb
112,"Because it was worn by recently freed slaves in Ancient Rome, what cap became the symbol of liberty?",Pileus
113,"What form of bridge is Tower Bridge, London?",Bascule
114,"Published in 2011, 'The House of Silk' is the first new official Sherlock Holmes mystery and was written by which author who has won many awards for his children's books?",ANTHONY HOROWITZ
115,Harrison Ford was working as what before his first big break as a film actor?,Carpenter
116,What type of animal is a shell-less gastropod?,Slug
117,"The Finch family of Maycomb, Alabama feature in which 1960 novel?",To Kill A Mockingbird
118,"Which Venetian artist, real name Jacopo Robusti, painted “The Origin of the Milky Way”?",Tintoretto
119,To which James Bond film did Nancy Sinatra sing the theme tune?,You Only Live Twice
120,Which American President was the teddy bear named after?,Theodore Roosevelt
121,What country had the Roman name Hibernia?,Ireland
122,Who won a Gold Medal for Britain in the men’s 100 metres at the 1992 Summer Olympic Games in Barcelona?,Linford Christie
123,Which was the second city to host the modern Olympic Games?,PARIS
124,The White Stripes 2003 hit single I Just Don't Know What To Do With Myself was originally a hit in 1964 for which female singer?,Dusty Springfield
125,"Coriolanus Snow, Peeta Mellark and Haymitch Abernathy are characters in which series of books?",The Hunger Games
126,"What American boxer, who celebrated his birthday on Monday, is the first in history to win 5 world titles in 5 different weight classes, and was nicknamed The Motor City Cobra or The Hitman?",Thomas Hearns
127,Which country is the world's largest producer of rice?,China
128,"Starting in Hong Kong and digging directly through the center of the Earth, in what country would you emerge?",Argentina
129,"""Which TV character had the catchphrase """"Listen very carefully; I shall say zis only once""""?""",Michelle
130,Who is the only member of Winston Churchill’s Government (a Parliamentary Secretary of Agriculture) who is still alive (95 years)?,LORD CARRINGTON
131,"Chartwell, the former home of Winston Churchill is in which county?",Kent
132,What musical instrument has the nickname 'the devil's box'?,Violin
133,In which country is Verdi's opera 'Aida' set?,EGYPT
134,Who is the Greek God of wine?,Dionysus
135,"Chequers, the Prime Minister's country residence, is in which English county?",Buckinghamshire
136,"""Who is most likely to perform a """"pas de deux""""?""",Ballet dancer
137,Which American General later President won the Battle of Horseshoe Bend?,ANDREW JACKSON
138,Which amendment to the U.S. Constitution ended slavery?,13th
139,Who played Nick Fury in the made for TV movie of the same name?,David Hasselhoff
140,Who was the first female singer with two UK million selling singles?,CELINE DION
141,In which sport did Dave Prowse ('Darth Vader') represent England at the 1962 Commonwealth Games?,WEIGHTLIFTING
142,What was the original UK name of the chocolate bar which de-anglicised its name in 2006?,Dime
143,Whirligig and Longhorn are types of which creature?,BEETLE
144,"Pearl Roundabout was the scene of political protests during 2011, in which country is it?",Bahrain
145,The Costa Smeralda (or Emerald Coast) is a feature of which Mediterranean island?,SARDINIA
146,Who was the mother of King Henry VI of England ?,CATHERINE OF VALOIS
147,Which French king was the husband of Marie Antoinette?,King Louis XVI
148,"""""""The Last Man In Europe"""" was the working title of which novel?""",1984
149,Tataouine in Tunisia was the setting for many scenes in the movies of which blockbuster franchise?,Star Wars franchise
150,Edward Fairfax Rochester is a character in which 19th century novel?,JANE EYRE
151,The Inverted Jenny depicts an upside down plane and is worth almost a million dollars. What is it?,a Stamp
152,What is the name of the wizard who runs the Hogwarts School of Witchcraft and Wizardry in the Harry Potter books and films?,Dumbledore
153,Newport on the Isle of Wight stands on which river?,The Medina
154,"Officially designated the M9, what was the unofficial name of the shoulder fired rocket deployed by US soldiers during WWII?",Bazooka
155,"What is claimed to be the fastest bird in level flight, (though its record is in dispute from supporters of the White-throated Needletail)?",Red-breasted Merganser
156,Who along with Philips developed the CD in the late 70s?,Sony
157,"Shrimps, barnacles, scorpions, spiders, etc., all belong to which phylum?",Arthropods
158,Colomba Pasquale (or Easter Dove) is a traditional Easter cake which originated from which country?,Italy
159,Who wrote the play Arms and the Man?,GEORGE BERNARD SHAW
160,"""The first rule of fight club is you do not talk about fight club"". What is the second rule?",You DO NOT talk about Fight Club!
161,What is the chemical symbol for sodium,Na
162,What type of creature is a lumpsucker?,Fish
163,In which sport is the Uber Cup presented?,Badminton
164,"In humans, the right lung is divided into how many lobes?",Three
165,Harrisburg is the capital of which US state?,Pennsylvania
166,"Vanessa Vankorn represented Thailand in a skiing event at the 2014 Winter Olympic Games, under what professional name is she better known?",Vanessa-Mae
167,Which was the first National Park in the United States of America?,YELLOWSTONE
168,Which English city is the setting for the film 'East Is East'?,SALFORD
169,What city was the sewerage system built by Sir Joseph Bazalgette in the late 19th century designed to serve?,"London, UK"
170,What is the currency of Malaysia?,RINGGIT
171,How are Felix Ungar and Oscar Madison described in the title of a play by Neil Simon?,THE ODD COUPLE
172,In which town or city is the University of Abertay?,Dundee
173,Where do littoral creatures live?,Shoreline
174,"What is Niccolo Machiavelli's famously fascinating book on the art of political leadership, published in 1532?",The Prince
175,"""What novel, alternatively entitled """"There and Back Again"""", is a fantasy novel by J R R Tolkien, published in September 1937?""",The Hobbit
176,"In Scotland, Burns Night is celebrated during which month of the year?",January
177,Mary Anne Evans was the real name of which famous novelist?,GEORGE ELIOT
178,What is the common name for a lepidoptera pupa and its silky cocoon?,Chrysalis
179,Which artist painted a portrait of Sir Winston Churchill that was later destroyed by Lady Churchill?,GRAHAM SUTHERLAND
180,Who was chairman of the Watergate hearings?,Sam Ervin
181,“When You Wish Upon a Star” was recorded for what classic Disney film?,Pinocchio
182,Which Prime Minister signed the Common Market membership treaty?,EDWARD HEATH
183,Of Mice And Men is a novel by which American novelist?,John Steinbeck
184,In which year was the Panama Canal opened?,1914
185,"Where, 25 miles West of Knoxville, Tennessee, was an Atomic Bomb Research Station set up in 1942?",Oak Ridge
186,Which country lies between Zimbabwe and the sea,Mozambique
187,"Serbian Pule cheese, said to be the world's most expensive is made from the milk of what animal",Donkey
188,Hamelin is on which river?,Weser
189,Henrietta Maria was the French wife of which British monarch?,King Charles I
190,With which athletics field event is Jan Zelezny associated?,Javelin
191,What is the name of the effect that deflects winds and currents as a result of the Earth's rotation?,The Coriolus Effect
192,"""In which Shakespeare comedy does 'Theseus' speak the opening line: """"Now fair Hippolyta, our nuptial hour draws apace""""?""",'A MIDSUMMER NIGHT'S DREAM'
193,William Howard Russell became famous as what during the Crimean War?,War Correspondent
194,The global collection of what is stored in a vault in Svalbard on the Norwegian island of Spitsbergen?,Seeds
195,Which Scottish loch is the largest in area?,Loch Lomond
196,"What is the surname of Aleksandr, the chief meerkat in the comparethemarket.com ads?",Orlov
197,"What Swiss psychologist conceived 'extraversion' and 'introversion', and personality tendencies of intuition, sensing, feeling and thinking?",Carl Jung
198,"""In the USA between 1852 and 1883, who were Reelfoot Williams, Tom Bell, Rattlesnake Dick and Charles Bolles (a.k.a. """"Black Bart"""")?""",Stagecoach robbers
199,"In 2003, which planet passed 55.76 million km from earth, the closest since the Stone Age?",Mars
200,Six of the world's top ten highest waterfalls are in which country?,NORWAY
201,What was the name for a form of stencil duplicator used for making numerous copies of a document?,Mimeograph
202,What links the ship Dr Crippen was caught on in 1910 and a coastal resort town in Scotland?,Montrose
203,Which pair of time travellers declared Joan of Arc was the wife of Noah?,Bill and Ted
204,In which sea is the Great Barrier Reef?,Coral Sea
205,"Which large-flowered plant is named after Paeon/Paean, Greek god of medicine and healing?",Peony
206,In which American state is Martha's Vineyard,Massachusetts
207,the Naked Civil Servant starred which character?.,Quentin Crisp
208,Rugby league. Which European Super League team are known as the ‘Giants’?,Huddersfield
209,Who was the beautiful sister of the twins Castor and Pollux and mother to Hermione?,Helen of Troy
210,"What disease claimed the life of notorious American gangster, Al Capone?",SYPHILIS
211,"In the sitcom Terry and June, what was the title characters surname?",Medford
212,"Also known as mother's ruin, which alcoholic drink is distilled from juniper berries?",Gin
213,"Which BAFTA award winning British drama series follows the work of a group of MI5 intelligence officers based at the service's Thames House headquarters, in a highly secure suite of offices known as 'The Grid'?",'SPOOKS'
214,On what material was the Mona Lisa painted?,Poplar Wood
215,Which astronomer proposed the theory of the expanding universe?,Edwin Hubble
216,What nation is scheduled to host the 2022 World Cup?,Qatar
217,Who was the Republican candidate who lost the Presidential election to Barack Obama in 2012?,Mitt Romney
218,Which type of spaniel takes its name from a stately home in Nottinghamshire?,Clumber
219,"Which island in the Inner Hebrides became a burial place for several kings of Scotland, Ireland and Norway?",IONA
220,"""During World War II, in north Africa, who was known as """"The Desert Fox""""?""",Erwin Rommel
221,"Which scientist was the first, in 1888, to demonstrate the existence of electromagnetic waves?",(Heinrich Rudolf) HERTZ
222,"""Who hosted the travel programmes """"Around the World in 80 Days"""" (1989), """"Pole to Pole"""" (1992), """"Full Circle"""" (1997), and """"Hemingway Adventure"""" (1999)?""",Michael Palin
223,"""What best-selling book was orginally a work of """"Twilight"""" fan fiction?""",Fifty Shades of Grey
224,What is the worlds most common blood type?,Type O
225,Which constellation features on the flag of Papua New Guinea?,Southern Cross
226,Which Canadian/American novelist won the Nobel Prize for Literature in 1976?,SAUL BELLOW
227,‘Duck and dive’ represents which number in the game of Bingo?,25
228,In which Asian country is the resort of Pattaya?,Thailand
229,How many players are on the court in a korfball team?,Eight
230,Who succeeded Trajan as Roman Emperor in 117 AD,Hadrian
231,Which former ‘TOWIE’ star thought that Ebola virus was the name of a pop group?,AMY CHILDS
232,Which country ended its combat role in Iraq on 1 June 2008 with the withdrawal of its 500 troops from Nasiriyah?,Australia
233,"Which country is bordered by Georgia to the north, Turkey to the west and Azerbaijan to the east?",ARMENIA
234,The Jigsaw Serial Killer is a fictional character in which series of horror films?,Saw
235,Who was captain of the England men's cricket team during the 2015 One Day International World Cup?,Eoin) MORGAN
236,What number Star Trek movie was called The Wrath of Khan?,II
237,Where is the volcano Olympus Mons?,On Mars
238,What is the name of the Government laboratory at the centre of the outbreak of foot and mouth disease in 2007?,PIRBRIGHT
239,"Medicine: What is a patient suffering from, based on the following description - Partial or complete blockage of a blood vessel by a blood clot?",THROMBOSIS
240,"Which European country is often referred to as ‘The Hexagon’,  because of its geometric shape?",France
241,Which is the only letter of the alphabet that does not appear in the name of any of the states of America?,Q
242,What is the symbol for a fifth wedding anniversary?,Wood
243,In which US state did Bill Gates found Microsoft in April 1975?,New Mexico
244,Who became Vice-President of the USA in December 1973?,Gerald Ford
245,Which 80s sitcom starred Penelope Wilton as Ann Bryce and Peter Egan as Paul Ryman?,EVER DECREASING CIRCLES
246,"July 2, 1961 saw Nobel Prize winner Ernest Hemingway commit suicide at his farm in Ketchum in what state?",Idaho
247,'II Dolce' refers to what in an Italian restaurant?,Dessert
248,Who was the 'father of medicine' to whom a code of medical ethics is attributed and which bears his name?,Hippocrates
249,Which planet when discovered was originally called the Georgian planet?,URANUS
250,Which North Sea port lies at the mouth of the Riyer Esk?,WHITBY
251,The American Football Super Bowl final in 2012 is branded by what Roman numerals?,XLVI
252,Goat Fell is the name of hole number 8 on the Ailsa Course at which Open Championship Golf venue?,TURNBERRY
253,Sabena Airlines was the national airline of which European country 1923 – 2001?,Belguim
254,Cardinal Richelieu served as chief minister to which French king?,LOUIS XIII
255,The National Motor Museum is in which English county?,Hampshire
256,Which aircraft company manufactured the Spitfire?,Supermarine
257,Yellowstone National Park is located in which US state?,Wyoming
258,"In November, which film (full title) broke UK box office records; Biggest 3-day opening, biggest single day in ticket sales and biggest Friday, Saturday & Sunday openings?",Harry Potter and the Deathly Hallows: Part 1
259,Tavel and Hermitage wines are produced in which French wine growing area?,RHONE VALLEY
260,What famous building did John Nash rebuild in 1825?,Buckingham Palace
261,Sastrugi are parallel wave-like ridges caused by winds on the surface of what?,Snow
262,"""What Arabic word means """"struggle"""" but is often interpreted as """"Holy War""""?""",Jihad
263,"In the human body, a set of well-developed abdominal muscles is known as a ‘What’…pack’?",Six
264,Which city hosted the 2010 Paralympic Games?,Vancouver
265,"Which river rises in the Massif Centrale, flows north and east to enter the Bay of Biscay at St. Nazaire?",LOIRE
266,Which clothing fabric is named after a town in southern France?,Denim
267,Thermodynamics is the study of what?,Heat
268,What is the scientific name for the tube connecting the mouth with the stomach?,Oesophagus
269,What name is given to the external set of floral leaves or sepals in a flower?,Calyx
270,Which Irish author was Sir Henry Irving's business manager?,Bram Stoker
271,"At a French McDonald's, what would they call a quarter pounder with cheese?",Royal Cheese
272,The metric prefix femto is shown as ten to the power of minus what?,15
273,Petrography is the study of what?,Rocks
274,Roger Moore first played James Bond in which film?,Live and Let Die
275,A two-wheeled self-powered and self-balancing vehilce unveiled in 2001 is called what?,Segway
276,"""""""Hale knew before he had been in Brighton three hours that they meant to murder him..."""" are the opening words to which Graham Greene novel?""",Brighton Rock
277,Petite Borgeoisie is an Anglicized French term referring to what traditional notion of social demographics class?,Lower Middle Class
278,"The city of London in Ontario, Canada stands on which river?",The Thames
279,Munich is on which river?,Isar
280,"According to the Gospels of Matthew, Mark and Luke, who was compelled by the Romans to carry the cross of Jesus as he was taken to his crucifixion?",SIMON OF CYRENE
281,Which (liquid) foodstuff has the chemical formula CH3COOH?,Vinegar
282,Who wrote the novel Evening Class?,Maeve Binchy
283,"""What is the first line of the speech by the 3 witches in Shakespeare's Macbeth that ends """"toil and trouble, fire burn and cauldron bubble""""?""",Double double
284,Who was voted Time Magazine person of the century in 1999?,ALBERT EINSTEIN
285,Which US President is depicted on a $50 banknote?,Ulysses S Grant
286,What is Decompression Sickness commonly called?,The Bends
287,What sort of creature is a Malamute?,DOG
288,Which city links Haydn's symphony number 104 and Vaughan Williams' symphony number 2?,London
289,What is the name of the 'theme park' near Ripon in Yorkshire?,LIGHTWATER VALLEY
290,"""Who directed the 2005 film """"Munich""""?""",Steven Spielberg
291,"In alphabetical order, what is the first US state?",Alabama
292,In which year did the world’s first ‘expo’ the Great Exhibition in London take place?,1851
293,Morbilli is the technical term for which childhood illness?,Measles
294,What endangered bird is the largest bird in North America?,California Condor
295,"According to Edward Lear, who went to sea in a sieve?",Jumblies
296,"""Which composer, born in Pesaro in Italy in 1792, based his opera, """"The Barber of Seville"""" on the trilogy by French playwright, Pierre de Beaumarchais?""",ROSSINI
297,What is the correct representation of the burger chain brand?,McDonald's
298,The United Society of Believers in Christ's Second Appearing is also known as what?,SHAKERS
299,In the Bible who put Daniel in the lions den?,King Darius
300,Which daughter of Agamemnon was sacrificed for a fair wind?,Iphigenia
301,Who founded the Amazon website?,Jeff Bezos
302,What is the trademarked name for the distinctive logo used Nike?,Swoosh
303,Which British singer released a 2003 album entitled ‘Life For Rent’?,Dido
304,How many masts does the vessel known as a Ketch have ?,TWO
305,"In the year 1636 during the Dutch Golden Age, what unlikely item became the fourth leading export after gin, herring and cheese causing a journalist to write a book Extraordinary Popular Delusions and the Madness of Crowds?",Tulip bulb
306,Who suggested that Gordon Brown had transformed from Stalin to Mr Bean?,Vince Cable
307,Robert Louis Stevenson's 1886 classic horror novel about split personality is called what?,The Strange Case of Dr Jekyll and Mr Hyde
308,"On this date in 1927, Charles Lindbergh became the first pilot to fly solo across the Atlantic Ocean. Where did he land?",Paris
309,Which bean is the main flavour of the liqueur Tia Maria?,Coffee bean
310,"""Who was the other half of the Bouquet household, played by actor Clive Swift, in the UK TV comedy series """"Keeping Up Appearances""""?""",Richard
311,"Which US boxer, born February 1977, has the nickname ‘Pretty Boy’?",Floyd Mayweather Jr
312,How many counters does each player have in a game of backgammon?,15
313,Maureen Cox was the first wife of which famous musical personality?,RINGO STARR
314,How many houses are there in a game of Monopoly?,32
315,"""Who appeared in her first film for 15 years, """"Monster In Law"""", in 2005?""",Jane Fonda
316,Whose portrait was painted by the fictional artist Basil Hallward?,DORIAN GRAY
317,The volcano Hekla is on which island?,Iceland
318,Stink 182 is a tribute band to which band?,Blink 182
319,"""Who made the musical sculptures called """"Pythagoras"""", """"Kepler"""" & """"Galileo"""" that were installed between the tracks of Kendall Station in Cambridge, Massachusetts from 1987 to 2007?""",Paul Matisse
320,"Which American swing and jazz guitarist's single string technique combined with amplification, while with Benny Goodman's bands between 1939 and 1941, helped bring the guitar out of the rhythm section and into the forefront as a solo instrument?",Charlie Christian
321,What name is given to the stellar explosion caused when nuclear fusion within a massive star ceases and it suffers gravitational collapse?,(Super)Nova
322,"What was the capital of the Inca Empire from 1438 to 1532 which, at its peak, dominated a territory that included (from north to south) Ecuador, part of Colombia, the northern half of Chile, and the north-west part of Argentina, and (from west to east) from Bolivia to the Amazonian forests and Peru?",Cuzco
323,Phil Collins played drums with which band?,Genesis
324,The 'Battle of Trafalgar' took place in which year?,1805
325,What is the text of an opera called?,Libretto
326,What is the name of the target in a game of curling?,House
327,Broccoli and Cauliflower are members of which vegetable family?,BRASSICA
328,"""What does """"domo arigato"""" mean?""",Thank you very much
329,"In relation to spiritual diety Pachamama, in 2011 Bolivia announced an new unusual Law of what?",Mother Earth
330,How many humps would you find on a dromedary camel?,one
331,Which concert pianist became the first President of the Polish Republic in 1919?,Ignaz Jan Paderewski
332,"""In which specific TV series is there an Episode entitled """"A Fistful of Data's""""?""",Star Trek. The Next Generation
333,What is the largest continent on Earth,Asia
334,"Actor and comedian, and half of a famous double-act, Arthur Stanley Jefferson was better known by which name?",Stan Laurel
335,Which great battle between the Greeks and Persians took place in 490BC?,Battle of Marathon
336,"In 1965, who became the first British driver to win the Indianapolis 500?",Jim Clark
337,What is the Paris Stock Exchange called?,LA BOURSE
338,Children's author Mrs Darrell Waters was better known under which name?,ENID BLYTON
339,'.uk' is the network identifier for the United Kingdom. Which country uses the identifier '.jp'?,JAPAN
340,"What salty lake is located at 1,388 ft below sea level?",Dead Sea
341,Which Motown star had a new millennium hit with Not Over Yet,Diana Ross
342,Who is the mother of Aphrodite in Greek mythology?,DIONE
343,Which revolutionary leader was born Vladimir Ilyich Ulyanov?,Lenin
344,"In medicine, which suffix denotes the surgical removal of something, usually from inside the body?",-ectomy
345,The UEFA cup is a soccer tournament for teams from which continent?,Europe
346,"In which year did George Bush succeed Ronald Reagan as US President, the US ratified the Berne convention on copyright, Time Inc and Warner Communications merged to form Time-Warner, and the Exxon Valdez spilled oil in Alaska?",1989
347,"""What famous book begins: """"Chug, chug, chug. Puff, puff, puff""""?""",The Little Engine that Could
348,Who was Minister of Education when the 1944 Education Act was passed?,R.A.BUTLER
349,Which pop star played Beth in Neighbours between 1991 and 1993?,Natalie Imbruglia
350,In 1984 which Bruce Springsteen song was the first to win a Grammy for him? (He has won 20 in all),DANCING IN THE DARK
351,Painter and engraver Sir Edwin Henry Landseer was a favourite artist of which British monarch?,Queen Victoria
352,The Ballad of Bonnie and Clyde was a no.1 hit in 1967 for which singer?,Georgie Fame
353,Which cheese is known as ‘The King of English Cheeses’?,Stilton
354,The Hindu deity Ganesha has the head of which animal?,ELEPHANT
355,Alexandra of Denmark was married to which English king?,EDWARD VII
356,"All happy families resemble one another, but each unhappy family is unhappy in its own way. The opening lines of which great novel?",Anna Karenina
357,Which prototype drink recipe was formulated at Pemberton's Eagle Drug and Chemical House?,COCA COLA
358,For what medical condition would a doctor administer an antitussive?,Coughs
359,Which 15th-century navigator discovered the sea route from Europe to India by the Cape of Good Hope?,Vasco da Gama
360,"Normally called a wolverine in North America, what is the largest carniverous mammal in the weasel family, which, it is said, has a habit of hiding articles which are no use to it?",Glutton
361,In the Robin Hood T.V. series starring Richard Green what was the name of the inn that was used,The Blue Boar
362,The Pyg and the Miners' tracks and the Watkin Path are routes up which mountain?,Snowdon
363,"Who created the characters of Willy Loman, Joe Keller and Eddie Carbone?",Arthur Miller
364,"Also the name of a popular TV character, who was the father of the apostles John the Evangelist and James the Greater?",ZEBEDEE
365,"Which holiday, which had its first official recognition in 1868, was originally called Decoration Day?",Memorial Day
366,Who is the only British Prime Minister to serve under 3 monarchs?,STANLEY BALDWIN
367,From 2008 Ferrari provided cars (a modification of the F1 Ferrari F2004 chassis) with a V8 engine for which 'single make' motor racing series?,A1 Grand Prix
368,"Bammy (Jamaica), Bannock (Scotland), Blaa (Ireland), Bublik (Poland), and Boule (France) are types of?",Bread
369,What colour does the planet Neptune appear to be from space?,Blue
370,"Stirling Moss also won the next British Grand prix held at Aintree, in 1957, to give which British team its first Grand Prix victory?",VANWALL
371,What is the peptide hormone produced in all vertebrates and some others to promote the absorption of glucose from the blood to muscles and fat tissue?,Insulin
372,On the banks of which river does the city of Quebec stand?,ST LAWRENCE
373,"Near which northern town, now a city, did the last battle of the English Civil War take place, in 1648?",Preston
374,Which famous British graffiti artist describes himself as a ‘Quality Vandal’?,Banksy
375,What was silent film actor 'Fatty' Arbuckle's christian name?,ROSCOE
376,Who invented the saxophone in 1840?,Adolphe Sax
377,Which British political figure became Baroness Kesteven?,Margaret Thatcher
378,"The period between 1450 and 1600 in European development is known by what term, initially used by Italian scholars to express the rediscovery of ancient Roman and Greek culture?",The Renaissance
379,The price of which metal commodity is traditionally considered an indicator of global economic buoyancy?,Copper
380,Which South Pacific island nation became the first in the 21st century to change its driving on the road from right to left?,Samoa
381,Sarawak is a state in which country?,MALAYSIA
382,"The Wright Brothers' first powered flight, in 1903, took place where?",Kitty Hawk
383,"""What Christmas character said """"God bless us, every one!""""""",Tiny Tim
384,"In October 2005, a week before her 16th birthday, Michelle Wie announced that she was turning professional at what sport?",Golf
385,The Russo Japanese War of 1904-1905 ended when the Russian Fleet under Rozhdestvensky was defeated at the Battle of Tsushima by a fleet led by whom?,Admiral Togo Heihachir
386,"Niagara Falls is between the state of New York, USA, and which province of Canada?",Ontario
387,"Taking office on May 27th 1993, who was margaret Thatcher's last Chancellor of the Exchequer?",KENNETH CLARK
388,Bujumbura international airport is in which country?,Burundi
389,Quakers are also known by what name?,Society of Friends
390,In Othello what did the bard mean by ‘the beast with two backs’?,Sexual Intercourse
391,"Killing 57 people and causing over $3 billion in property damage, the eruption o f Mount St. Helens occurred on May 18 of what year?",1980
392,In which city can you see the original statue of Michelangelo’s David?,Florence
393,"Which-singer's voice was of the leading actress in the films 'Gentlemen Prefer Blondes', 'The King and I', 'West Side Story' and 'My Fair Lady'?",Marni Nixon
394,"Based on a mythological tale, which 1689 opera by Henry Purcell is considered by many to be the first English-language operatic masterpiece?",'DIDO AND AENEAS'
395,"The surname of which Wimbledon Champion can be formed using the chemical symbols for beryllium, carbon, potassium and erbium?",Boris BECKER
396,Who was president of the USA during World War I?,Woodrow Wilson
397,"""Who had hit records with """"Tragedy"""" and """"You Win Again""""?""",The Bee Gees
398,Of which African country is Dodoma the official capital city?,Tanzania
399,Which mountain range stretches from the Black Sea to the Caspian Sea?,Caucasus
400,The flag of Hungary is divided into three bands. Two of the colours are red and white. What is the third?,GREEN
401,Where is the Great Karoo found?,South Africa
402,"Which award winning building was built directly underneath Waterloo Bridge, London, in the 1980s and has stalagtites (from water leaking through the Bridge) growing in it?",Museum of the Moving Image
403,What is the desert that occupies the southern part of Israel?,NEGEV
404,"What popular rosy-cheeked animal character, launched on UK TV in 2004, was licensed to US Fisher Price Toys in 2011?",Peppa Pig
405,Which chemical element is represented by Zr on the Periodic Table?,Zirconium
406,"Who was the mother of Marie Antoinette, wife of Louis XIV of France?",Maria Theresa of Austria
407,"Which lady, who has never won a Wimbledon singles title, was the US Open Champion in 1991 and 1992?",MONICA SELES
408,In Russian cuisine what kind of food are blini?,PANCAKES
409,Which horse won the Epsom Derby in 1989?,Nashwan
410,What happened at Scapa Flow on 21st June 1919?,German fleet was scuttled
411,"Who were Aramis, Porthos and Athos?",The Three Musketeers
412,What colour is Santa Claus' belt?,Black
413,Which famous military leader was Deputy Commander of NATO forces from 1951 to 1958?,Montgomery
414,"In 1968, which was the first manned lunar orbiting mission?",APOLLO 8
415,Larry Mullins and Adam Clayton are the rhythm section for which band?,U2
416,Which racecourse hosts The Lincoln Handicap?,DONCASTER
417,Pont Neuf is the oldest bridge in Paris. What does its name mean?,New Bridge
418,"From 1978 to 1984, who were coached by a lady called Betty Callaway?",Torvill & Dean
419,"The Bee Gees are popularly credited as being from Australia, but on which island were they actually born?",Isle of Man
420,"Richmond in Yorkshire, lies on which river?",SWALE
421,Which French playwright's real name was Jean Baptiste Poquelin?,MOLIERE
422,What was the name of the British nurse who was shot by a German firing squad during World War I after being court-martialled for helping Allied troops escape from a military hospital in Belgium?,EDITH CAVELL
423,"According to 2014 Twitter statistics, how many million tweets are sent every day?",500
424,"Traditionally, the concertmaster of a symphonic orchestra plays what instrument?",Violin
425,A Russian rouble is divided into 100 …..what?,Kopeks
426,Who became the last state President of apartheid South Africa in August 1989?,F W de Klerk
427,"""Who created the character of Doctor Finlay in the British TV series (1962-1971) """"Dr Finlay's Casebook""""?""",A J Cronin
428,"Which British Overseas Territory is located on the southern end of the Iberian Peninsula at the entrance of the Mediterranean, and has an area of approximately 2.6 square miles?",Gibraltar
429,Which British explorer travelled disguised as a Muslim to Mecca and Medina in 1853?,Richard Francis Burton
430,"Voiced by Phil Hartman, before his untimely death, Lionel Hutz is the hapless lawyer on what TV series?",The Simpsons
431,What famous suncream is named after a mountain in Switzerland?,Piz Buin
432,"In an Indian restaurant, what is 'kulfi'?",Ice cream
433,"What was the name of the Roman festivities in mid to late December, elements of which were incorporated into Christmas?",SATURNALIA
434,Which 1929 film directed by Alfred Hitchcock is considered to be the first all-talkie feature British film?,Blackmail
435,"""Which school is the setting for the 1939 film """"Goodbye, Mr. Chips""""?""",Brookfield Public School
436,"In August 1960 Chad, in Central Africa, became independent from which country?",France
437,"As of 1st. June 2011, who is the only Swiss Tennis player, other than Roger Federer, to be ranked in the Men's top twenty?",STANISLAS WAWRINKA
438,In which newspaper does the cartoon dog Fred Basset appear,The Daily Mail
439,Who had the noels Spy Hook and Spy Line published in the 80s?,Len Deighton
440,Which of the United States is known as the Wolverine State'?,MICHIGAN
441,What is the name of the densely forested moon inhabited by the Na’vi in the 2009 film ‘Avatar’?,Pandora
442,The uniform of which NFL team is green because their once owner was born on St Patrick's day?,New York Jets
443,From which city did Radio Piccadilly broadcast,Manchester
444,"Who is missing from this list of Artistic Directors of the National Theatre – Laurence Olivier, Peter Hall, Richard Eyre and Nicholas Hytner?",TREVOR NUNN
445,Which Stephen King novel is said to have been rejected by 30 different publishers?,Carrie
446,The Buddy Holly song That'll Be the Day is said to have been inspired by what John Wayne film?,The Searchers
447,Name the dragonthat guarded the treasure in 'The Hobbit'?,'SMAUG'
448,Which composer was born on this day in Prague in 1841 – his Symphony number 9 in E minor From the New World is one of his most famous works?,Antonín Dvořák
449,The three largest cruise ships in the world are own by which cruise line?,ROYAL CARIBBEAN
450,"Released in 2009, 'Dawn Of The Dinosaurs' was the title of the third instalment of which film series?",'ICE AGE'
451,"Which play includes the characters Lady Sneerwell, Sir Harry Bumper and Sir Peter Teazle?",School for Scandal
452,Which is the only place in the UK to have a post code beginning with the letter 'Z'?,Shetland
453,Who composed The Trout Quintet?,Schubert
454,In which country would you find the region of Assam?,India
455,Which group sang about 'Mrs. Brown's lovely daughter' in 1965?,HERMAN'S HERMITS
456,‘Albrecht Discount’ supermarket is better known by what name?,Aldi
457,What is the English name for the Rossini opera 'La Gazza Ladra'?,'THE THIEVING MAGPIE'
458,"""Who narrated """"March of the Penguins"""" and """"The Shawshank Redemption""""?""",Morgan Freeman
459,What is the Caribbean island of St Christopher commonly known as?,St. Kitts
460,Bumble is the nickname of which sports commentator?,DAVID LLOYD
461,A pentadecagon has how many sides?,15
462,In which decade was the Suez Canal opened; Abrahan Lincioln elected American President; Prince Albert died of typhoid?,1860's
463,Kikuyu and Tutsi are two types of what?,African tribes
464,What was the name of the bar in which the TV show Cheers was set?,Cheers
465,Which wading bird is encouraged to nest on rooftops as a symbol of fertility,Stork
466,French woman Isabelle Dinoire was the first person to receive a transplant of which body part in 2005?,Face
467,"""Which poet wrote the line, """"If winter comes, can spring be far behind""""?""",PERCY SHELLEY
468,"For the 1st time ever, a person has won both a best actor/actress Oscar and a Razzie for the worst actor/actress in the same year. Who did it this year?",Sandra Bullock
469,"Unveiled on May 11th 2007, a bronze statue of which famous figure now stands outside Wembley Stadium? It features the character with arms folded and one foot resting on a ball.",BOBBY MOORE
470,From which ballet company did Rudolph Nuryev defect to the west?,KIROV
471,"Which Mediterranean island is associated with the Greek goddess of love, Aphrodite?",CYPRUS
472,"Which pop group comprised John Gorman, Roger McGough and Mike McGear?",'THE SCAFFOLD'
473,Which brewery produces the beer 'Spitfire'?,SHEPHERD NEAME
474,"Where, in literature can you find Willy Nilly, Organ Morgan and Bessie Bighead?",UNDER MILK WOOD
475,The significant ancient Egyptian diety Horus (a man with a falcon's head) features the related '(What?) of Horus' symbol of protection/good health?,Eye
476,Who wrote The Origin of Species in 1859?,CHARLES DARWIN
477,"Steve Davis reached every final of the Snooker World Championship between 1983 and 1989, but who were the two players who beat him?",Dennis Taylor and Joe Johnson
478,Who played Heinrich Himmler in the 1976 film ‘The Eagle Has Landed’?,Donald Pleasance
479,"Which four letter word beginning with A is the name of a  god depicted as a bull, symbolising fertility and strength in war?",Apis
480,The dominant 14-18th century Oyo Empire of Nigeria was noted for the organizational abilities of the Yoruba people and what feature of its powerful army?,Cavalry
481,In Roman Britain where was Vectis?,ISLE OF WIGHT
482,On which river does Balmoral Castle stand?,River Dee
483,What medical term is used for an extreme life-threatening allergic reaction?,Anaphylaxis
484,‘Life Thru a Lens’ was the first No. 1 album by which singer in 1997?,Robbie Williams
485,What was Coco Chanel's real first name?,Gabrielle
486,Who directed The Big Sleep and Gentlemen Prefer Blondes?,Howard Hawks
487,"Where is the Castillo de los Tres Reyes Magos del Morro designed by Italian engineer Juan Bautista Antonelli, and built in 1589?","The entrance to Havana bay in Havana, Cuba"
488,"Which South Korean car company was bought by General Motors in 2001, its cars then being produced under the Chevrolet badge?",Daewoo
489,"""Whom did 'Sherlock Holmes' describe as """"The Napoleon of crime""""?""",PROFESSOR MORIARTY
490,What ocean borders the US state of Georgia?,Atlantic
491,Which Elgar piece is dedicated ‘ to my friends pictured within’?,Enigma Variations
492,Which Roman Emperor who ruled from 300-377 AD was the first to be converted to Christianity?,CONSTANTINE
493,Anthony van Dyke was court painter of which English monarch?,King Charles I
494,"As leader of the Teen Titans, ‘Robin’ aka Dick Grayson took on which other identity?",Nightwing
495,Charlotte is the largest city in the 'Tar Heel State'. Which state?,NORTH CAROLINA
496,What was the name of Scrooge's long suffering clerk in a Christmas Carol?,Bob Cratchit
497,"What branch of the US Armed Forces, founded in 1790, trains its officers at its academy in New London, Ct?",U.S. Coast Guard
498,What is the state capital of North Dakota?,Bismarck
499,"""What 1978 film featured the songs """"You're the One That I Want"""" and """"Born to Hand Jive""""?""",Grease
500,"What is the title of late actor Charlie Chaplin’s last completed film, launched in the UK in 1967?",A Countess From Hong Kong
